#
# There is insufficient memory for the Java Runtime Environment to continue.
# Native memory allocation (mmap) failed to map 65536 bytes. Error detail: Failed to commit metaspace.
# Possible reasons:
#   The system is out of physical RAM or swap space
#   This process is running with CompressedOops enabled, and the Java Heap may be blocking the growth of the native heap
# Possible solutions:
#   Reduce memory load on the system
#   Increase physical memory or swap space
#   Check if swap backing store is full
#   Decrease Java heap size (-Xmx/-Xms)
#   Decrease number of Java threads
#   Decrease Java thread stack sizes (-Xss)
#   Set larger code cache with -XX:ReservedCodeCacheSize=
#   JVM is running with Zero Based Compressed Oops mode in which the Java heap is
#     placed in the first 32GB address space. The Java Heap base address is the
#     maximum limit for the native heap growth. Please use -XX:HeapBaseMinAddress
#     to set the Java Heap base and to place the Java Heap above 32GB virtual address.
# This output file may be truncated or incomplete.
#
#  Out of Memory Error (virtualSpaceNode.cpp:113), pid=13648, tid=7852
#
# JRE version: OpenJDK Runtime Environment Microsoft-13106404 (21.0.10+7) (build 21.0.10+7-LTS)
# Java VM: OpenJDK 64-Bit Server VM Microsoft-13106404 (21.0.10+7-LTS, mixed mode, emulated-client, sharing, tiered, compressed oops, compressed class ptrs, g1 gc, windows-amd64)
# No core dump will be written. Minidumps are not enabled by default on client versions of Windows
#

---------------  S U M M A R Y ------------

Command Line: -XX:TieredStopAtLevel=1 -Dspring.output.ansi.enabled=always -Dcom.sun.management.jmxremote -Dspring.jmx.enabled=true -Dspring.liveBeansView.mbeanDomain -Dspring.application.admin.enabled=true -Dmanagement.endpoints.jmx.exposure.include=* -javaagent:C:\Program Files\JetBrains\IntelliJ IDEA 2024.2.4\lib\idea_rt.jar=61421 -Dfile.encoding=UTF-8 -Dsun.stdout.encoding=UTF-8 -Dsun.stderr.encoding=UTF-8 orders.OrdersApplication

Host: 12th Gen Intel(R) Core(TM) i5-12400F, 12 cores, 15G,  Windows 11 , 64 bit Build 22000 (10.0.22000.2538)
Time: Thu Mar  5 20:49:05 2026 elapsed time: 0.358394 seconds (0d 0h 0m 0s)

---------------  T H R E A D  ---------------

Current thread (0x000001a3ab304750):  JavaThread "main"             [_thread_in_vm, id=7852, stack(0x0000006b7ae00000,0x0000006b7af00000) (1024K)]

Stack: [0x0000006b7ae00000,0x0000006b7af00000]
Native frames: (J=compiled Java code, j=interpreted, Vv=VM code, C=native code)
V  [jvm.dll+0x6dfe69]  (no source info available)
V  [jvm.dll+0x8bfe4b]  (no source info available)
V  [jvm.dll+0x8c23da]  (no source info available)
V  [jvm.dll+0x8c2ab3]  (no source info available)
V  [jvm.dll+0x28a9e6]  (no source info available)
V  [jvm.dll+0x8bbbb8]  (no source info available)
V  [jvm.dll+0x684424]  (no source info available)
V  [jvm.dll+0x1eeaf7]  (no source info available)
V  [jvm.dll+0x1ee8be]  (no source info available)
V  [jvm.dll+0x686d2f]  (no source info available)
V  [jvm.dll+0x686b62]  (no source info available)
V  [jvm.dll+0x684dfe]  (no source info available)
V  [jvm.dll+0x68f25a]  (no source info available)
V  [jvm.dll+0x21fa6b]  (no source info available)
V  [jvm.dll+0x21ff15]  (no source info available)
V  [jvm.dll+0x2208fc]  (no source info available)
V  [jvm.dll+0x215dee]  (no source info available)
V  [jvm.dll+0x5c15af]  (no source info available)
V  [jvm.dll+0x83a025]  (no source info available)
V  [jvm.dll+0x483687]  (no source info available)
V  [jvm.dll+0x4896d8]  (no source info available)
C  [java.dll+0x1818]  (no source info available)

Java frames: (J=compiled Java code, j=interpreted, Vv=VM code)
J 1232  java.lang.ClassLoader.defineClass1(Ljava/lang/ClassLoader;Ljava/lang/String;[BIILjava/security/ProtectionDomain;Ljava/lang/String;)Ljava/lang/Class; java.base@21.0.10 (0 bytes) @ 0x000001a3b3e23e91 [0x000001a3b3e23dc0+0x00000000000000d1]
J 1470 c1 java.lang.ClassLoader.defineClass(Ljava/lang/String;[BIILjava/security/ProtectionDomain;)Ljava/lang/Class; java.base@21.0.10 (43 bytes) @ 0x000001a3b3e8c884 [0x000001a3b3e8c760+0x0000000000000124]
J 1379 c1 jdk.internal.loader.BuiltinClassLoader.defineClass(Ljava/lang/String;Ljdk/internal/loader/Resource;)Ljava/lang/Class; java.base@21.0.10 (121 bytes) @ 0x000001a3b3e6bba4 [0x000001a3b3e6b640+0x0000000000000564]
J 1372 c1 jdk.internal.loader.BuiltinClassLoader.findClassOnClassPathOrNull(Ljava/lang/String;)Ljava/lang/Class; java.base@21.0.10 (64 bytes) @ 0x000001a3b3e68ab4 [0x000001a3b3e687e0+0x00000000000002d4]
J 1176 c1 jdk.internal.loader.BuiltinClassLoader.loadClassOrNull(Ljava/lang/String;Z)Ljava/lang/Class; java.base@21.0.10 (143 bytes) @ 0x000001a3b3e0e68c [0x000001a3b3e0e280+0x000000000000040c]
J 1247 c1 jdk.internal.loader.ClassLoaders$AppClassLoader.loadClass(Ljava/lang/String;Z)Ljava/lang/Class; java.base@21.0.10 (40 bytes) @ 0x000001a3b3e2e80c [0x000001a3b3e2e7c0+0x000000000000004c]
J 1246 c1 java.lang.ClassLoader.loadClass(Ljava/lang/String;)Ljava/lang/Class; java.base@21.0.10 (7 bytes) @ 0x000001a3b3e2e494 [0x000001a3b3e2e440+0x0000000000000054]
v  ~StubRoutines::call_stub 0x000001a3b3a3100d
j  org.springframework.boot.logging.DeferredLogs.<init>()V+5
j  org.springframework.boot.support.EnvironmentPostProcessorApplicationListener.<init>(Ljava/util/function/Function;)V+20
j  org.springframework.boot.support.EnvironmentPostProcessorApplicationListener.<init>()V+6
J 813 c1 java.lang.invoke.DirectMethodHandle$Holder.newInvokeSpecial(Ljava/lang/Object;)Ljava/lang/Object; java.base@21.0.10 (20 bytes) @ 0x000001a3b3d860a4 [0x000001a3b3d85fe0+0x00000000000000c4]
J 796 c1 jdk.internal.reflect.DirectConstructorHandleAccessor.newInstance([Ljava/lang/Object;)Ljava/lang/Object; java.base@21.0.10 (130 bytes) @ 0x000001a3b3d7fde4 [0x000001a3b3d7fc80+0x0000000000000164]
J 795 c1 java.lang.reflect.Constructor.newInstanceWithCaller([Ljava/lang/Object;ZLjava/lang/Class;)Ljava/lang/Object; java.base@21.0.10 (51 bytes) @ 0x000001a3b3d7cc24 [0x000001a3b3d7cb60+0x00000000000000c4]
J 803 c1 java.lang.reflect.Constructor.newInstance([Ljava/lang/Object;)Ljava/lang/Object; java.base@21.0.10 (34 bytes) @ 0x000001a3b3d7f7e4 [0x000001a3b3d7f740+0x00000000000000a4]
j  org.springframework.core.io.support.SpringFactoriesLoader$FactoryInstantiator.instantiate(Lorg/springframework/core/io/support/SpringFactoriesLoader$ArgumentResolver;)Ljava/lang/Object;+39
j  org.springframework.core.io.support.SpringFactoriesLoader.instantiateFactory(Ljava/lang/String;Ljava/lang/Class;Lorg/springframework/core/io/support/SpringFactoriesLoader$ArgumentResolver;Lorg/springframework/core/io/support/SpringFactoriesLoader$FailureHandler;)Ljava/lang/Object;+36
j  org.springframework.core.io.support.SpringFactoriesLoader.load(Ljava/lang/Class;Lorg/springframework/core/io/support/SpringFactoriesLoader$ArgumentResolver;Lorg/springframework/core/io/support/SpringFactoriesLoader$FailureHandler;)Ljava/util/List;+99
j  org.springframework.core.io.support.SpringFactoriesLoader.load(Ljava/lang/Class;Lorg/springframework/core/io/support/SpringFactoriesLoader$ArgumentResolver;)Ljava/util/List;+4
j  org.springframework.boot.SpringApplication.getSpringFactoriesInstances(Ljava/lang/Class;Lorg/springframework/core/io/support/SpringFactoriesLoader$ArgumentResolver;)Ljava/util/List;+9
j  org.springframework.boot.SpringApplication.getSpringFactoriesInstances(Ljava/lang/Class;)Ljava/util/List;+3
j  org.springframework.boot.SpringApplication.<init>(Lorg/springframework/core/io/ResourceLoader;[Ljava/lang/Class;)V+140
j  org.springframework.boot.SpringApplication.<init>([Ljava/lang/Class;)V+3
j  org.springframework.boot.SpringApplication.run([Ljava/lang/Class;[Ljava/lang/String;)Lorg/springframework/context/ConfigurableApplicationContext;+5
j  org.springframework.boot.SpringApplication.run(Ljava/lang/Class;[Ljava/lang/String;)Lorg/springframework/context/ConfigurableApplicationContext;+9
j  orders.OrdersApplication.main([Ljava/lang/String;)V+3
v  ~StubRoutines::call_stub 0x000001a3b3a3100d

Compiled method (n/a) 368 1232     n 0       java.lang.ClassLoader::defineClass1 (native)
 total in heap  [0x000001a3b3e23c10,0x000001a3b3e241a8] = 1432
 relocation     [0x000001a3b3e23d70,0x000001a3b3e23da8] = 56
 main code      [0x000001a3b3e23dc0,0x000001a3b3e241a1] = 993
 stub code      [0x000001a3b3e241a1,0x000001a3b3e241a8] = 7

[Constant Pool (empty)]

[MachCode]
[Entry Point]
  # {method} {0x000001a3bf435030} 'defineClass1' '(Ljava/lang/ClassLoader;Ljava/lang/String;[BIILjava/security/ProtectionDomain;Ljava/lang/String;)Ljava/lang/Class;' in 'java/lang/ClassLoader'
  # parm0:    rdx:rdx   = 'java/lang/ClassLoader'
  # parm1:    r8:r8     = 'java/lang/String'
  # parm2:    r9:r9     = '[B'
  # parm3:    rdi       = int
  # parm4:    rsi       = int
  # parm5:    rcx:rcx   = 'java/security/ProtectionDomain'
  # parm6:    [sp+0xa0]   = 'java/lang/String'  (sp of caller)
  0x000001a3b3e23dc0: 448b 5208 | 49bb 0000 | 00bf a301 | 0000 4d03 | d349 3bc2 | 0f84 0600 

  0x000001a3b3e23dd8: ;   {runtime_call ic_miss_stub}
  0x000001a3b3e23dd8: 0000 e9a1 | a9c5 ff90 
[Verified Entry Point]
  0x000001a3b3e23de0: 8984 2400 | 80ff ff55 | 488b ec48 | 81ec 9000 | 0000 6690 | 4181 7f20 | 0100 0000 

  0x000001a3b3e23dfc: ;   {runtime_call StubRoutines (final stubs)}
  0x000001a3b3e23dfc: 7405 e8dd | 26c4 ff48 | 837d 1000 | 488d 4510 | 480f 4445 | 1048 8944 | 2440 4889 | 4c24 7048 
  0x000001a3b3e23e1c: 83f9 0048 | 8d44 2470 | 480f 4444 | 2470 4889 | 4424 3848 | 8974 2430 | 4889 7c24 | 284c 894c 
  0x000001a3b3e23e3c: 2458 4983 | f900 488d | 4424 5848 | 0f44 4424 | 5848 8944 | 2420 4c89 | 4424 5049 | 83f8 004c 
  0x000001a3b3e23e5c: 8d4c 2450 | 4c0f 444c | 2450 4889 | 5424 4848 | 83fa 004c | 8d44 2448 | 4c0f 4444 

  0x000001a3b3e23e78: ;   {oop(a 'java/lang/Class'{0x0000000710cbc248} = 'java/lang/ClassLoader')}
  0x000001a3b3e23e78: 2448 49be | 48c2 cb10 | 0700 0000 | 4c89 7424 | 784c 8d74 | 2478 498b | d6c5 f877 

  0x000001a3b3e23e94: ;   {internal_word}
  0x000001a3b3e23e94: 49ba 913e | e2b3 a301 | 0000 4d89 | 97a8 0300 | 0049 89a7 | a003 0000 

  0x000001a3b3e23eac: ;   {external_word}
  0x000001a3b3e23eac: 49ba 202e | 1d97 f97f | 0000 4180 | 3a00 0f84 | 4e00 0000 | 5241 5041 

  0x000001a3b3e23ec4: ;   {metadata({method} {0x000001a3bf435030} 'defineClass1' '(Ljava/lang/ClassLoader;Ljava/lang/String;[BIILjava/security/ProtectionDomain;Ljava/lang/String;)Ljava/lang/Class;' in 'java/lang/ClassLoader')}
  0x000001a3b3e23ec4: 5148 ba28 | 5043 bfa3 | 0100 0049 | 8bcf 4883 | ec20 40f6 | c40f 0f84 | 1900 0000 | 4883 ec08 
  0x000001a3b3e23ee4: ;   {runtime_call}
  0x000001a3b3e23ee4: 48b8 909f | c696 f97f | 0000 ffd0 | 4883 c408 | e90c 0000 

  0x000001a3b3e23ef8: ;   {runtime_call}
  0x000001a3b3e23ef8: 0048 b890 | 9fc6 96f9 | 7f00 00ff | d048 83c4 | 2041 5941 | 585a 498d | 8fc0 0300 | 0041 c787 
  0x000001a3b3e23f18: 4c04 0000 | 0400 0000 

  0x000001a3b3e23f20: ;   {runtime_call}
  0x000001a3b3e23f20: 48b8 d016 | d3cb f97f | 0000 ffd0 | c5f8 7741 | c787 4c04 | 0000 0500 | 0000 f083 | 4424 c000 
  0x000001a3b3e23f40: 493b af50 | 0400 000f | 870e 0000 | 0041 83bf | 4804 0000 | 000f 842b | 0000 00c5 | f877 4889 
  0x000001a3b3e23f60: 45f8 498b | cf4c 8be4 | 4883 ec20 | 4883 e4f0 

  0x000001a3b3e23f70: ;   {runtime_call}
  0x000001a3b3e23f70: 48b8 f0ed | 9196 f97f | 0000 ffd0 | 498b e44d | 33e4 488b | 45f8 41c7 | 874c 0400 | 0008 0000 
  0x000001a3b3e23f90: 0041 83bf | c804 0000 | 020f 84d5 

  0x000001a3b3e23f9c: ;   {external_word}
  0x000001a3b3e23f9c: 0100 0049 | ba20 2e1d | 97f9 7f00 | 0041 803a | 000f 844c | 0000 0048 

  0x000001a3b3e23fb4: ;   {metadata({method} {0x000001a3bf435030} 'defineClass1' '(Ljava/lang/ClassLoader;Ljava/lang/String;[BIILjava/security/ProtectionDomain;Ljava/lang/String;)Ljava/lang/Class;' in 'java/lang/ClassLoader')}
  0x000001a3b3e23fb4: 8945 f848 | ba28 5043 | bfa3 0100 | 0049 8bcf | 4883 ec20 | 40f6 c40f | 0f84 1900 | 0000 4883 
  0x000001a3b3e23fd4: ;   {runtime_call}
  0x000001a3b3e23fd4: ec08 48b8 | 909f c696 | f97f 0000 | ffd0 4883 | c408 e90c 

  0x000001a3b3e23fe8: ;   {runtime_call}
  0x000001a3b3e23fe8: 0000 0048 | b890 9fc6 | 96f9 7f00 | 00ff d048 | 83c4 2048 | 8b45 f849 | c787 a003 | 0000 0000 
  0x000001a3b3e24008: 0000 49c7 | 87a8 0300 | 0000 0000 | 00c5 f877 | 4885 c00f | 8430 0100 | 00a8 030f | 8508 0000 
  0x000001a3b3e24028: 0048 8b00 | e920 0100 | 00a8 010f | 8509 0000 | 0048 8b40 | fee9 0f01 | 0000 488b | 40ff 4180 
  0x000001a3b3e24048: 7f40 000f | 8400 0100 | 0048 83f8 | 000f 84f6 | 0000 0049 | 8b4f 2848 | 83f9 000f | 8414 0000 
  0x000001a3b3e24068: 0048 83e9 | 0849 894f | 2849 034f | 3848 8901 | e9d4 0000 | 0048 83ec | 7048 8904 | 2448 894c 
  0x000001a3b3e24088: 2408 4889 | 5424 104c | 8944 2418 | 4c89 4c24 | 204c 8954 | 2428 4c89 | 5c24 30c5 | fb11 4424 
  0x000001a3b3e240a8: 40c5 fb11 | 4c24 48c5 | fb11 5424 | 50c5 fb11 | 5c24 58c5 | fb11 6424 | 60c5 fb11 | 6c24 6849 
  0x000001a3b3e240c8: 8bd7 488b | c848 83ec | 2040 f6c4 | 0f0f 8419 | 0000 0048 

  0x000001a3b3e240dc: ;   {runtime_call}
  0x000001a3b3e240dc: 83ec 0848 | b8d0 2385 | 96f9 7f00 | 00ff d048 | 83c4 08e9 | 0c00 0000 

  0x000001a3b3e240f4: ;   {runtime_call}
  0x000001a3b3e240f4: 48b8 d023 | 8596 f97f | 0000 ffd0 | 4883 c420 | c5fb 106c | 2468 c5fb | 1064 2460 | c5fb 105c 
  0x000001a3b3e24114: 2458 c5fb | 1054 2450 | c5fb 104c | 2448 c5fb | 1044 2440 | 4c8b 5c24 | 304c 8b54 | 2428 4c8b 
  0x000001a3b3e24134: 4c24 204c | 8b44 2418 | 488b 5424 | 1048 8b4c | 2408 488b | 0424 4883 | c470 c5f8 | 7749 8b8f 
  0x000001a3b3e24154: 3004 0000 | c781 0001 | 0000 0000 | 0000 c949 | 837f 0800 | 0f85 0100 

  0x000001a3b3e2416c: ;   {runtime_call StubRoutines (initial stubs)}
  0x000001a3b3e2416c: 0000 c3e9 | 8ccd c0ff | c5f8 7748 | 8945 f84c | 8be4 4883 | ec20 4883 

  0x000001a3b3e24184: ;   {runtime_call}
  0x000001a3b3e24184: e4f0 48b8 | c0d6 c696 | f97f 0000 | ffd0 498b | e44d 33e4 | 488b 45f8 | e9fe fdff | fff4 f4f4 
  0x000001a3b3e241a4: f4f4 f4f4 
[/MachCode]


Compiled method (c1) 372 1470       1       java.lang.ClassLoader::defineClass (43 bytes)
 total in heap  [0x000001a3b3e8c590,0x000001a3b3e8cb58] = 1480
 relocation     [0x000001a3b3e8c6f0,0x000001a3b3e8c760] = 112
 main code      [0x000001a3b3e8c760,0x000001a3b3e8c928] = 456
 stub code      [0x000001a3b3e8c928,0x000001a3b3e8c9a0] = 120
 metadata       [0x000001a3b3e8c9a0,0x000001a3b3e8c9d0] = 48
 scopes data    [0x000001a3b3e8c9d0,0x000001a3b3e8ca88] = 184
 scopes pcs     [0x000001a3b3e8ca88,0x000001a3b3e8cb28] = 160
 dependencies   [0x000001a3b3e8cb28,0x000001a3b3e8cb30] = 8
 nul chk table  [0x000001a3b3e8cb30,0x000001a3b3e8cb58] = 40

[Constant Pool (empty)]

[MachCode]
[Entry Point]
  # {method} {0x000001a3bf4353b0} 'defineClass' '(Ljava/lang/String;[BIILjava/security/ProtectionDomain;)Ljava/lang/Class;' in 'java/lang/ClassLoader'
  # this:     rdx:rdx   = 'java/lang/ClassLoader'
  # parm0:    r8:r8     = 'java/lang/String'
  # parm1:    r9:r9     = '[B'
  # parm2:    rdi       = int
  # parm3:    rsi       = int
  # parm4:    rcx:rcx   = 'java/security/ProtectionDomain'
  #           [sp+0xc0]  (sp of caller)
  0x000001a3b3e8c760: 448b 5208 | 49bb 0000 | 00bf a301 | 0000 4d03 | d34c 3bd0 

  0x000001a3b3e8c774: ;   {runtime_call ic_miss_stub}
  0x000001a3b3e8c774: 0f85 0620 | bfff 660f | 1f44 0000 
[Verified Entry Point]
  0x000001a3b3e8c780: 8984 2400 | 80ff ff55 | 4881 ecb0 | 0000 0090 | 4181 7f20 | 0100 0000 

  0x000001a3b3e8c798: ;   {runtime_call StubRoutines (final stubs)}
  0x000001a3b3e8c798: 7405 e841 | 9dbd ff48 | 8954 2478 | 89b4 2494 | 0000 0089 | bc24 9000 | 0000 4c89 | 8c24 8800 
  0x000001a3b3e8c7b8: 0000 498b | d84c 8bc3 | 4c8b c948 | 8bca 488b | d148 899c | 2480 0000 | 0066 0f1f 

  0x000001a3b3e8c7d4: ;   {optimized virtual_call}
  0x000001a3b3e8c7d4: 4400 00e8 

  0x000001a3b3e8c7d8: ; ImmutableOopMap {[120]=Oop [128]=Oop [136]=Oop }
                      ;*invokevirtual preDefineClass {reexecute=0 rethrow=0 return_oop=0}
                      ; - java.lang.ClassLoader::defineClass@4 (line 1025)
  0x000001a3b3e8c7d8: 6406 0000 

  0x000001a3b3e8c7dc: ;   {other}
  0x000001a3b3e8c7dc: 0f1f 8400 | 4c02 0000 | 4889 8424 | 9800 0000 

  0x000001a3b3e8c7ec: ; implicit exception: dispatches to 0x000001a3b3e8c8d2
  0x000001a3b3e8c7ec: 448b 4010 | 49c1 e003 | 4d85 c00f | 850f 0000 

  0x000001a3b3e8c7fc: ;   {oop(nullptr)}
  0x000001a3b3e8c7fc: 0048 bb00 | 0000 0000 | 0000 00e9 | 4300 0000 

  0x000001a3b3e8c80c: ; implicit exception: dispatches to 0x000001a3b3e8c8d7
  0x000001a3b3e8c80c: 458b 400c | 49c1 e003 | 4d85 c00f | 850f 0000 

  0x000001a3b3e8c81c: ;   {oop(nullptr)}
  0x000001a3b3e8c81c: 0048 bb00 | 0000 0000 | 0000 00e9 | 2300 0000 

  0x000001a3b3e8c82c: ; implicit exception: dispatches to 0x000001a3b3e8c8dc
  0x000001a3b3e8c82c: 418b 5038 | 48c1 e203 

  0x000001a3b3e8c834: ; implicit exception: dispatches to 0x000001a3b3e8c8e1
                      ;   {optimized virtual_call}
  0x000001a3b3e8c834: 483b 02e8 

  0x000001a3b3e8c838: ; ImmutableOopMap {[120]=Oop [128]=Oop [136]=Oop [152]=Oop }
                      ;*invokevirtual toExternalForm {reexecute=0 rethrow=0 return_oop=0}
                      ; - java.net.URL::toExternalForm@5 (line 1203)
                      ; - java.net.URL::toString@1 (line 1189)
                      ; - java.lang.ClassLoader::defineClassSourceLocation@22 (line 927)
                      ; - java.lang.ClassLoader::defineClass@12 (line 1026)
  0x000001a3b3e8c838: c47f fcff 

  0x000001a3b3e8c83c: ;   {other}
  0x000001a3b3e8c83c: 0f1f 8400 | ac02 0001 | 488b d848 | 8b84 2498 | 0000 008b | b424 9400 | 0000 8bbc | 2490 0000 
  0x000001a3b3e8c85c: 004c 8b8c | 2488 0000 | 004c 8b84 | 2480 0000 | 0048 8b54 | 2478 4c8b | da49 8bd3 | 488b c848 
  0x000001a3b3e8c87c: ;   {static_call}
  0x000001a3b3e8c87c: 891c 24e8 

  0x000001a3b3e8c880: ; ImmutableOopMap {[120]=Oop [152]=Oop }
                      ;*invokestatic defineClass1 {reexecute=0 rethrow=0 return_oop=0}
                      ; - java.lang.ClassLoader::defineClass@27 (line 1027)
  0x000001a3b3e8c880: 5c75 f9ff 

  0x000001a3b3e8c884: ;   {other}
  0x000001a3b3e8c884: 0f1f 8400 | f402 0002 | 4c8b c04c | 8b8c 2498 | 0000 0048 | 8b54 2478 | 4889 8424 | a000 0000 
  0x000001a3b3e8c8a4: ;   {optimized virtual_call}
  0x000001a3b3e8c8a4: 6666 90e8 

  0x000001a3b3e8c8a8: ; ImmutableOopMap {[160]=Oop }
                      ;*invokevirtual postDefineClass {reexecute=0 rethrow=0 return_oop=0}
                      ; - java.lang.ClassLoader::defineClass@37 (line 1028)
  0x000001a3b3e8c8a8: d442 feff 

  0x000001a3b3e8c8ac: ;   {other}
  0x000001a3b3e8c8ac: 0f1f 8400 | 1c03 0003 | 488b 8424 | a000 0000 | 4881 c4b0 | 0000 005d 

  0x000001a3b3e8c8c4: ;   {poll_return}
  0x000001a3b3e8c8c4: 493b a750 | 0400 000f | 8715 0000 

  0x000001a3b3e8c8d0: ;   {runtime_call throw_null_pointer_exception Runtime1 stub}
  0x000001a3b3e8c8d0: 00c3 e829 

  0x000001a3b3e8c8d4: ; ImmutableOopMap {rax=Oop [120]=Oop [128]=Oop [136]=Oop [152]=Oop }
                      ;*invokevirtual getCodeSource {reexecute=0 rethrow=0 return_oop=0}
                      ; - java.lang.ClassLoader::defineClassSourceLocation@1 (line 924)
                      ; - java.lang.ClassLoader::defineClass@12 (line 1026)
                      ;   {runtime_call throw_null_pointer_exception Runtime1 stub}
  0x000001a3b3e8c8d4: 03ca ffe8 

  0x000001a3b3e8c8d8: ; ImmutableOopMap {rax=Oop [120]=Oop [128]=Oop [136]=Oop [152]=Oop }
                      ;*invokevirtual getLocation {reexecute=0 rethrow=0 return_oop=0}
                      ; - java.lang.ClassLoader::defineClassSourceLocation@12 (line 926)
                      ; - java.lang.ClassLoader::defineClass@12 (line 1026)
  0x000001a3b3e8c8d8: 2403 caff 

  0x000001a3b3e8c8dc: ;   {runtime_call throw_null_pointer_exception Runtime1 stub}
  0x000001a3b3e8c8dc: e81f 03ca 

  0x000001a3b3e8c8e0: ; ImmutableOopMap {r8=Oop [120]=Oop [128]=Oop [136]=Oop [152]=Oop }
                      ;*invokevirtual toString {reexecute=0 rethrow=0 return_oop=0}
                      ; - java.lang.ClassLoader::defineClassSourceLocation@22 (line 927)
                      ; - java.lang.ClassLoader::defineClass@12 (line 1026)
                      ;   {runtime_call throw_null_pointer_exception Runtime1 stub}
  0x000001a3b3e8c8e0: ffe8 1a03 

  0x000001a3b3e8c8e4: ; ImmutableOopMap {r8=Oop rdx=Oop [120]=Oop [128]=Oop [136]=Oop [152]=Oop }
                      ;*invokevirtual toExternalForm {reexecute=0 rethrow=0 return_oop=0}
                      ; - java.net.URL::toExternalForm@5 (line 1203)
                      ; - java.net.URL::toString@1 (line 1189)
                      ; - java.lang.ClassLoader::defineClassSourceLocation@22 (line 927)
                      ; - java.lang.ClassLoader::defineClass@12 (line 1026)
                      ;   {internal_word}
  0x000001a3b3e8c8e4: caff 49ba | c4c8 e8b3 | a301 0000 | 4d89 9768 

  0x000001a3b3e8c8f4: ;   {runtime_call SafepointBlob}
  0x000001a3b3e8c8f4: 0400 00e9 | 848b bfff | 498b 8700 | 0500 0049 | c787 0005 | 0000 0000 | 0000 49c7 | 8708 0500 
  0x000001a3b3e8c914: 0000 0000 | 0048 81c4 | b000 0000 

  0x000001a3b3e8c920: ;   {runtime_call unwind_exception Runtime1 stub}
  0x000001a3b3e8c920: 5de9 daef | c9ff f4f4 
[Stub Code]
  0x000001a3b3e8c928: ;   {no_reloc}
  0x000001a3b3e8c928: 0f1f 4400 

  0x000001a3b3e8c92c: ;   {static_stub}
  0x000001a3b3e8c92c: 0048 bb00 | 0000 0000 

  0x000001a3b3e8c934: ;   {runtime_call nmethod}
  0x000001a3b3e8c934: 0000 00e9 | fbff ffff 

  0x000001a3b3e8c93c: ;   {static_stub}
  0x000001a3b3e8c93c: 48bb 0000 | 0000 0000 

  0x000001a3b3e8c944: ;   {runtime_call nmethod}
  0x000001a3b3e8c944: 0000 e9fb 

  0x000001a3b3e8c948: ;   {static_stub}
  0x000001a3b3e8c948: ffff ff48 | bb00 0000 | 0000 0000 

  0x000001a3b3e8c954: ;   {runtime_call nmethod}
  0x000001a3b3e8c954: 00e9 fbff 

  0x000001a3b3e8c958: ;   {static_stub}
  0x000001a3b3e8c958: ffff 48bb | 0000 0000 | 0000 0000 

  0x000001a3b3e8c964: ;   {runtime_call nmethod}
  0x000001a3b3e8c964: e9fb ffff 

  0x000001a3b3e8c968: ;   {runtime_call handle_exception_from_callee Runtime1 stub}
  0x000001a3b3e8c968: ffe8 122a 

  0x000001a3b3e8c96c: ;   {external_word}
  0x000001a3b3e8c96c: caff 48b9 | b013 f396 | f97f 0000 | 4883 e4f0 

  0x000001a3b3e8c97c: ;   {runtime_call}
  0x000001a3b3e8c97c: 48b8 3072 | b596 f97f | 0000 ffd0 

  0x000001a3b3e8c988: ;   {section_word}
  0x000001a3b3e8c988: f449 ba89 | c9e8 b3a3 | 0100 0041 

  0x000001a3b3e8c994: ;   {runtime_call DeoptimizationBlob}
  0x000001a3b3e8c994: 52e9 867d | bfff f4f4 | f4f4 f4f4 
[/MachCode]


Compiled method (c1) 376 1379       1       jdk.internal.loader.BuiltinClassLoader::defineClass (121 bytes)
 total in heap  [0x000001a3b3e6b390,0x000001a3b3e6c2b8] = 3880
 relocation     [0x000001a3b3e6b4f0,0x000001a3b3e6b638] = 328
 main code      [0x000001a3b3e6b640,0x000001a3b3e6bd18] = 1752
 stub code      [0x000001a3b3e6bd18,0x000001a3b3e6be38] = 288
 metadata       [0x000001a3b3e6be38,0x000001a3b3e6be80] = 72
 scopes data    [0x000001a3b3e6be80,0x000001a3b3e6c0d8] = 600
 scopes pcs     [0x000001a3b3e6c0d8,0x000001a3b3e6c278] = 416
 dependencies   [0x000001a3b3e6c278,0x000001a3b3e6c280] = 8
 handler table  [0x000001a3b3e6c280,0x000001a3b3e6c298] = 24
 nul chk table  [0x000001a3b3e6c298,0x000001a3b3e6c2b8] = 32

[Constant Pool (empty)]

[MachCode]
[Entry Point]
  # {method} {0x000001a3bf0673c8} 'defineClass' '(Ljava/lang/String;Ljdk/internal/loader/Resource;)Ljava/lang/Class;' in 'jdk/internal/loader/BuiltinClassLoader'
  # this:     rdx:rdx   = 'jdk/internal/loader/BuiltinClassLoader'
  # parm0:    r8:r8     = 'java/lang/String'
  # parm1:    r9:r9     = 'jdk/internal/loader/Resource'
  #           [sp+0x110]  (sp of caller)
  0x000001a3b3e6b640: 448b 5208 | 49bb 0000 | 00bf a301 | 0000 4d03 | d34c 3bd0 

  0x000001a3b3e6b654: ;   {runtime_call ic_miss_stub}
  0x000001a3b3e6b654: 0f85 2631 | c1ff 660f | 1f44 0000 
[Verified Entry Point]
  0x000001a3b3e6b660: 8984 2400 | 80ff ff55 | 4881 ec00 | 0100 0090 | 4181 7f20 | 0100 0000 

  0x000001a3b3e6b678: ;   {runtime_call StubRoutines (final stubs)}
  0x000001a3b3e6b678: 7405 e861 | aebf ff48 | 8994 24a0 | 0000 004c | 8984 2490 | 0000 004c | 898c 2498 | 0000 0049 
  0x000001a3b3e6b698: 8bd1 6666 | 9048 b8b0 | 2221 bfa3 

  0x000001a3b3e6b6a4: ;   {virtual_call}
  0x000001a3b3e6b6a4: 0100 00e8 

  0x000001a3b3e6b6a8: ; ImmutableOopMap {[144]=Oop [152]=Oop [160]=Oop }
                      ;*invokevirtual getCodeSourceURL {reexecute=0 rethrow=0 return_oop=0}
                      ; - jdk.internal.loader.BuiltinClassLoader::defineClass@1 (line 842)
  0x000001a3b3e6b6a8: f44d 0000 

  0x000001a3b3e6b6ac: ;   {other}
  0x000001a3b3e6b6ac: 0f1f 8400 | 1c03 0000 | 4889 8424 | a800 0000 | 4c8b 8424 | 9000 0000 

  0x000001a3b3e6b6c4: ; implicit exception: dispatches to 0x000001a3b3e6bc12
  0x000001a3b3e6b6c4: 418b 7014 | 48c1 e603 

  0x000001a3b3e6b6cc: ; implicit exception: dispatches to 0x000001a3b3e6bc17
  0x000001a3b3e6b6cc: 8b56 0c45 | 0fbe 4810 | 498b c9c1 | e118 c1f9 | 18d3 fa48 | 8bfa ffcf | 4585 c9ba | 0000 0000 
  0x000001a3b3e6b6ec: 7505 ba01 | 0000 0083 | e201 85d2 | 488b d641 | b82e 0000 | 004c 8bcf | 0f84 1700 | 0000 0f1f 
  0x000001a3b3e6b70c: ;   {static_call}
  0x000001a3b3e6b70c: 4400 00e8 

  0x000001a3b3e6b710: ; ImmutableOopMap {[144]=Oop [152]=Oop [160]=Oop [168]=Oop }
                      ;*invokestatic lastIndexOf {reexecute=0 rethrow=0 return_oop=0}
                      ; - java.lang.String::lastIndexOf@13 (line 2562)
                      ; - java.lang.String::lastIndexOf@8 (line 2524)
                      ; - jdk.internal.loader.BuiltinClassLoader::defineClass@8 (line 845)
  0x000001a3b3e6b710: 2c83 e3ff 

  0x000001a3b3e6b714: ;   {other}
  0x000001a3b3e6b714: 0f1f 8400 | 8403 0001 | e913 0000 | 0066 0f1f 

  0x000001a3b3e6b724: ;   {static_call}
  0x000001a3b3e6b724: 4400 00e8 

  0x000001a3b3e6b728: ; ImmutableOopMap {[144]=Oop [152]=Oop [160]=Oop [168]=Oop }
                      ;*invokestatic lastIndexOf {reexecute=0 rethrow=0 return_oop=0}
                      ; - java.lang.String::lastIndexOf@25 (line 2563)
                      ; - java.lang.String::lastIndexOf@8 (line 2524)
                      ; - jdk.internal.loader.BuiltinClassLoader::defineClass@8 (line 845)
  0x000001a3b3e6b728: 5439 c1ff 

  0x000001a3b3e6b72c: ;   {other}
  0x000001a3b3e6b72c: 0f1f 8400 | 9c03 0002 | 83f8 ff0f | 847f 0000 | 0041 b800 | 0000 004c | 8bc8 488b | 9424 9000 
  0x000001a3b3e6b74c: ;   {optimized virtual_call}
  0x000001a3b3e6b74c: 0000 90e8 

  0x000001a3b3e6b750: ; ImmutableOopMap {[144]=Oop [152]=Oop [160]=Oop [168]=Oop }
                      ;*invokevirtual substring {reexecute=0 rethrow=0 return_oop=0}
                      ; - jdk.internal.loader.BuiltinClassLoader::defineClass@23 (line 847)
  0x000001a3b3e6b750: 2c0f e2ff 

  0x000001a3b3e6b754: ;   {other}
  0x000001a3b3e6b754: 0f1f 8400 | c403 0003 | 488b 9424 | 9800 0000 | 4889 8424 | b000 0000 | 9048 b8b0 | 30a4 bea3 
  0x000001a3b3e6b774: ;   {virtual_call}
  0x000001a3b3e6b774: 0100 00e8 

  0x000001a3b3e6b778: ; ImmutableOopMap {[144]=Oop [152]=Oop [160]=Oop [168]=Oop [176]=Oop }
                      ;*invokevirtual getManifest {reexecute=0 rethrow=0 return_oop=0}
                      ; - jdk.internal.loader.BuiltinClassLoader::defineClass@29 (line 848)
  0x000001a3b3e6b778: e4ff c0ff 

  0x000001a3b3e6b77c: ;   {other}
  0x000001a3b3e6b77c: 0f1f 8400 | ec03 0004 | 4c8b 8424 | b000 0000 | 4c8b c848 | 8bbc 24a8 | 0000 0048 | 8b94 24a0 
  0x000001a3b3e6b79c: 0000 0066 | 0f1f 4400 | 0048 b860 | 7a06 bfa3 

  0x000001a3b3e6b7ac: ;   {virtual_call}
  0x000001a3b3e6b7ac: 0100 00e8 

  0x000001a3b3e6b7b0: ; ImmutableOopMap {[144]=Oop [152]=Oop [160]=Oop [168]=Oop }
                      ;*invokevirtual defineOrCheckPackage {reexecute=0 rethrow=0 return_oop=0}
                      ; - jdk.internal.loader.BuiltinClassLoader::defineClass@40 (line 849)
  0x000001a3b3e6b7b0: 0cf1 ffff 

  0x000001a3b3e6b7b4: ;   {other}
  0x000001a3b3e6b7b4: 0f1f 8400 | 2404 0005 | 4c8b 8c24 | 9800 0000 | 488d 9424 | e000 0000 | 4c89 4a08 | 498b 0148 
  0x000001a3b3e6b7d4: 83c8 0148 | 8902 f049 | 0fb1 110f | 8412 0000 | 0048 2bc4 | 4825 07f0 | ffff 4889 | 020f 8525 
  0x000001a3b3e6b7f4: 0400 0049 | ff87 5005 | 0000 418b | 510c 48c1 | e203 4885 | d20f 8551 | 0000 0049 | 8bd1 6666 
  0x000001a3b3e6b814: 9048 b8d0 | 28a4 bea3 

  0x000001a3b3e6b81c: ;   {virtual_call}
  0x000001a3b3e6b81c: 0100 00e8 

  0x000001a3b3e6b820: ; ImmutableOopMap {[144]=Oop [152]=Oop [160]=Oop [168]=Oop [232]=Oop }
                      ;*invokevirtual getInputStream {reexecute=0 rethrow=0 return_oop=0}
                      ; - jdk.internal.loader.Resource::cachedInputStream@9 (line 77)
                      ; - jdk.internal.loader.Resource::getByteBuffer@1 (line 163)
                      ; - jdk.internal.loader.BuiltinClassLoader::defineClass@45 (line 853)
  0x000001a3b3e6b820: 7cff c0ff 

  0x000001a3b3e6b824: ;   {other}
  0x000001a3b3e6b824: 0f1f 8400 | 9404 0006 | 410f be57 | 4085 d24c | 8b8c 2498 | 0000 000f | 85ee 0300 | 004c 8bd0 
  0x000001a3b3e6b844: 49c1 ea03 | 4589 510c | 498b d148 | 33d0 48c1 | ea15 4883 | fa00 0f85 | ef03 0000 | 418b 510c 
  0x000001a3b3e6b864: 48c1 e203 | 488d 8424 | e000 0000 | 488b 3048 | 85f6 0f84 | 0f00 0000 | 488b 7808 | f048 0fb1 
  0x000001a3b3e6b884: 370f 85dc | 0300 0049 | ff8f 5005 | 0000 4885 | d20f 8443 

  0x000001a3b3e6b898: ;   {metadata('sun/nio/ByteBuffered')}
  0x000001a3b3e6b898: 0000 0048 | b860 3336 | bfa3 0100 | 008b 5a08 | 49ba 0000 | 00bf a301 | 0000 4903 | da48 3b43 
  0x000001a3b3e6b8b8: 200f 8424 | 0000 0048 | 3bd8 0f84 | 1b00 0000 

  0x000001a3b3e6b8c8: ;   {runtime_call slow_subtype_check Runtime1 stub}
  0x000001a3b3e6b8c8: 5350 e8b1 | 46cc ff5b | 5b85 db0f | 8405 0000 | 00e9 0500 | 0000 4833 | f6eb 0748 | c7c6 0100 
  0x000001a3b3e6b8e8: 0000 85f6 | 0f84 6f00 | 0000 4885 | d20f 8443 

  0x000001a3b3e6b8f8: ;   {metadata('sun/nio/ByteBuffered')}
  0x000001a3b3e6b8f8: 0000 0048 | bb60 3336 | bfa3 0100 | 008b 7a08 | 49ba 0000 | 00bf a301 | 0000 4903 | fa48 3b5f 
  0x000001a3b3e6b918: 200f 841f | 0000 0048 | 3bfb 0f84 | 1600 0000 

  0x000001a3b3e6b928: ;   {runtime_call slow_subtype_check Runtime1 stub}
  0x000001a3b3e6b928: 5753 e851 | 46cc ff5f | 5f85 ff0f | 8444 0300 | 00e9 0000 | 0000 0f1f | 8000 0000 | 0048 b8ff 
  0x000001a3b3e6b948: ffff ffff 

  0x000001a3b3e6b94c: ;   {virtual_call}
  0x000001a3b3e6b94c: ffff ffe8 

  0x000001a3b3e6b950: ; ImmutableOopMap {[144]=Oop [152]=Oop [160]=Oop [168]=Oop }
                      ;*invokeinterface getByteBuffer {reexecute=0 rethrow=0 return_oop=0}
                      ; - jdk.internal.loader.Resource::getByteBuffer@16 (line 165)
                      ; - jdk.internal.loader.BuiltinClassLoader::defineClass@45 (line 853)
  0x000001a3b3e6b950: 2c34 c1ff 

  0x000001a3b3e6b954: ;   {other}
  0x000001a3b3e6b954: 0f1f 8400 | c405 0007 | e90a 0000 

  0x000001a3b3e6b960: ;   {oop(nullptr)}
  0x000001a3b3e6b960: 0048 b800 | 0000 0000 | 0000 0048 | 85c0 0f84 | 0601 0000 | 4889 8424 | b800 0000 | 488b 9424 
  0x000001a3b3e6b980: 9800 0000 | 9048 b8ff | ffff ffff 

  0x000001a3b3e6b98c: ;   {virtual_call}
  0x000001a3b3e6b98c: ffff ffe8 

  0x000001a3b3e6b990: ; ImmutableOopMap {[144]=Oop [160]=Oop [168]=Oop [184]=Oop }
                      ;*invokevirtual getCodeSigners {reexecute=0 rethrow=0 return_oop=0}
                      ; - jdk.internal.loader.BuiltinClassLoader::defineClass@56 (line 855)
  0x000001a3b3e6b990: ec33 c1ff 

  0x000001a3b3e6b994: ;   {other}
  0x000001a3b3e6b994: 0f1f 8400 | 0406 0008 

  0x000001a3b3e6b99c: ;   {metadata('java/security/CodeSource')}
  0x000001a3b3e6b99c: 4c8b c848 | ba28 5c00 | bfa3 0100 | 0049 8b87 | b801 0000 | 488d 7828 | 493b bfc8 | 0100 000f 
  0x000001a3b3e6b9bc: 87c5 0200 | 0049 89bf | b801 0000 | 48c7 0001 | 0000 0048 | 8bca 49ba | 0000 00bf | a301 0000 
  0x000001a3b3e6b9dc: 492b ca89 | 4808 4833 | c989 480c | 4833 c948 | 8948 1048 | 8948 1848 | 8948 204c | 8b84 24a8 
  0x000001a3b3e6b9fc: 0000 0048 | 8bd0 4889 | 8424 c000 | 0000 0f1f 

  0x000001a3b3e6ba0c: ;   {optimized virtual_call}
  0x000001a3b3e6ba0c: 4400 00e8 

  0x000001a3b3e6ba10: ; ImmutableOopMap {[144]=Oop [160]=Oop [184]=Oop [192]=Oop }
                      ;*invokespecial <init> {reexecute=0 rethrow=0 return_oop=0}
                      ; - jdk.internal.loader.BuiltinClassLoader::defineClass@68 (line 856)
  0x000001a3b3e6ba10: 6c30 c1ff 

  0x000001a3b3e6ba14: ;   {other}
  0x000001a3b3e6ba14: 0f1f 8400 | 8406 0009 | 4c8b 8424 | c000 0000 | 488b 9424 | a000 0000 

  0x000001a3b3e6ba2c: ;   {optimized virtual_call}
  0x000001a3b3e6ba2c: 6666 90e8 

  0x000001a3b3e6ba30: ; ImmutableOopMap {[144]=Oop [160]=Oop [184]=Oop }
                      ;*invokevirtual getProtectionDomain {reexecute=0 rethrow=0 return_oop=0}
                      ; - java.security.SecureClassLoader::defineClass@5 (line 182)
                      ; - jdk.internal.loader.BuiltinClassLoader::defineClass@79 (line 857)
  0x000001a3b3e6ba30: 4c30 c1ff 

  0x000001a3b3e6ba34: ;   {other}
  0x000001a3b3e6ba34: 0f1f 8400 | a406 000a | 4c8b 8424 | 9000 0000 | 4c8b 8c24 | b800 0000 | 488b f848 | 8b94 24a0 
  0x000001a3b3e6ba54: ;   {optimized virtual_call}
  0x000001a3b3e6ba54: 0000 00e8 

  0x000001a3b3e6ba58: ; ImmutableOopMap {}
                      ;*invokevirtual defineClass {reexecute=0 rethrow=0 return_oop=0}
                      ; - java.security.SecureClassLoader::defineClass@8 (line 182)
                      ; - jdk.internal.loader.BuiltinClassLoader::defineClass@79 (line 857)
  0x000001a3b3e6ba58: 2430 c1ff 

  0x000001a3b3e6ba5c: ;   {other}
  0x000001a3b3e6ba5c: 0f1f 8400 | cc06 000b | 4881 c400 | 0100 005d 

  0x000001a3b3e6ba6c: ;   {poll_return}
  0x000001a3b3e6ba6c: 493b a750 | 0400 000f | 871a 0200 | 00c3 4c8b | 8c24 9800 | 0000 498b | d148 b840 | f399 bea3 
  0x000001a3b3e6ba8c: ;   {virtual_call}
  0x000001a3b3e6ba8c: 0100 00e8 

  0x000001a3b3e6ba90: ; ImmutableOopMap {[144]=Oop [152]=Oop [160]=Oop [168]=Oop }
                      ;*invokevirtual getBytes {reexecute=0 rethrow=0 return_oop=0}
                      ; - jdk.internal.loader.BuiltinClassLoader::defineClass@84 (line 859)
  0x000001a3b3e6ba90: 4cfd c0ff 

  0x000001a3b3e6ba94: ;   {other}
  0x000001a3b3e6ba94: 0f1f 8400 | 0407 000c | 4889 8424 | c800 0000 | 488b 9424 | 9800 0000 | 9048 b8a0 | ed99 bea3 
  0x000001a3b3e6bab4: ;   {virtual_call}
  0x000001a3b3e6bab4: 0100 00e8 

  0x000001a3b3e6bab8: ; ImmutableOopMap {[144]=Oop [160]=Oop [168]=Oop [200]=Oop }
                      ;*invokevirtual getCodeSigners {reexecute=0 rethrow=0 return_oop=0}
                      ; - jdk.internal.loader.BuiltinClassLoader::defineClass@90 (line 860)
  0x000001a3b3e6bab8: a4fd c0ff 

  0x000001a3b3e6babc: ;   {other}
  0x000001a3b3e6babc: 0f1f 8400 | 2c07 000d 

  0x000001a3b3e6bac4: ;   {metadata('java/security/CodeSource')}
  0x000001a3b3e6bac4: 4c8b c848 | ba28 5c00 | bfa3 0100 | 0049 8b87 | b801 0000 | 488d 7828 | 493b bfc8 | 0100 000f 
  0x000001a3b3e6bae4: 87c0 0100 | 0049 89bf | b801 0000 | 48c7 0001 | 0000 0048 | 8bca 49ba | 0000 00bf | a301 0000 
  0x000001a3b3e6bb04: 492b ca89 | 4808 4833 | c989 480c | 4833 c948 | 8948 1048 | 8948 1848 | 8948 204c | 8b84 24a8 
  0x000001a3b3e6bb24: 0000 0048 | 8bd0 4889 | 8424 d000 | 0000 0f1f 

  0x000001a3b3e6bb34: ;   {optimized virtual_call}
  0x000001a3b3e6bb34: 4400 00e8 

  0x000001a3b3e6bb38: ; ImmutableOopMap {[144]=Oop [160]=Oop [200]=Oop [208]=Oop }
                      ;*invokespecial <init> {reexecute=0 rethrow=0 return_oop=0}
                      ; - jdk.internal.loader.BuiltinClassLoader::defineClass@102 (line 861)
  0x000001a3b3e6bb38: 4443 0000 

  0x000001a3b3e6bb3c: ;   {other}
  0x000001a3b3e6bb3c: 0f1f 8400 | ac07 000e | 488b 8424 | c800 0000 

  0x000001a3b3e6bb4c: ; implicit exception: dispatches to 0x000001a3b3e6bcb6
  0x000001a3b3e6bb4c: 8b70 0c4c | 8b84 24d0 | 0000 0048 | 8b94 24a0 | 0000 0089 | b424 d800 

  0x000001a3b3e6bb64: ;   {optimized virtual_call}
  0x000001a3b3e6bb64: 0000 90e8 

  0x000001a3b3e6bb68: ; ImmutableOopMap {[144]=Oop [160]=Oop [200]=Oop }
                      ;*invokevirtual getProtectionDomain {reexecute=0 rethrow=0 return_oop=0}
                      ; - java.security.SecureClassLoader::defineClass@9 (line 150)
                      ; - jdk.internal.loader.BuiltinClassLoader::defineClass@117 (line 862)
  0x000001a3b3e6bb68: 143d 0000 

  0x000001a3b3e6bb6c: ;   {other}
  0x000001a3b3e6bb6c: 0f1f 8400 | dc07 000f | 4c8b 8424 | 9000 0000 | 4c8b 8c24 | c800 0000 | bf00 0000 | 008b b424 
  0x000001a3b3e6bb8c: d800 0000 | 488b c848 | 8b94 24a0 | 0000 000f 

  0x000001a3b3e6bb9c: ;   {optimized virtual_call}
  0x000001a3b3e6bb9c: 1f40 00e8 

  0x000001a3b3e6bba0: ; ImmutableOopMap {}
                      ;*invokevirtual defineClass {reexecute=0 rethrow=0 return_oop=0}
                      ; - java.security.SecureClassLoader::defineClass@12 (line 150)
                      ; - jdk.internal.loader.BuiltinClassLoader::defineClass@117 (line 862)
  0x000001a3b3e6bba0: dc0b 0200 

  0x000001a3b3e6bba4: ;   {other}
  0x000001a3b3e6bba4: 0f1f 8400 | 1408 0010 | 4881 c400 | 0100 005d 

  0x000001a3b3e6bbb4: ;   {poll_return}
  0x000001a3b3e6bbb4: 493b a750 | 0400 000f | 87fa 0000 | 00c3 498b | 8700 0500 | 004d 33d2 | 4d89 9700 | 0500 004d 
  0x000001a3b3e6bbd4: 33d2 4d89 | 9708 0500 | 0048 8bf0 | 488d 8424 | e000 0000 | 488b 3848 | 85ff 0f84 | 0f00 0000 
  0x000001a3b3e6bbf4: 488b 5808 | f048 0fb1 | 3b0f 85ce | 0000 0049 | ff8f 5005 | 0000 488b | c6e9 f200 

  0x000001a3b3e6bc10: ;   {runtime_call throw_null_pointer_exception Runtime1 stub}
  0x000001a3b3e6bc10: 0000 e8e9 

  0x000001a3b3e6bc14: ; ImmutableOopMap {rax=Oop r8=Oop [144]=Oop [152]=Oop [160]=Oop [168]=Oop }
                      ;*invokevirtual lastIndexOf {reexecute=0 rethrow=0 return_oop=0}
                      ; - jdk.internal.loader.BuiltinClassLoader::defineClass@8 (line 845)
                      ;   {runtime_call throw_null_pointer_exception Runtime1 stub}
  0x000001a3b3e6bc14: 0fcc ffe8 

  0x000001a3b3e6bc18: ; ImmutableOopMap {rax=Oop r8=Oop rsi=Oop [144]=Oop [152]=Oop [160]=Oop [168]=Oop }
                      ;*arraylength {reexecute=0 rethrow=0 return_oop=0}
                      ; - java.lang.String::length@4 (line 1508)
                      ; - java.lang.String::lastIndexOf@3 (line 2524)
                      ; - jdk.internal.loader.BuiltinClassLoader::defineClass@8 (line 845)
  0x000001a3b3e6bc18: e40f ccff | 4c89 4c24 | 0848 8914 

  0x000001a3b3e6bc24: ;   {runtime_call monitorenter_nofpu Runtime1 stub}
  0x000001a3b3e6bc24: 24e8 d64d 

  0x000001a3b3e6bc28: ; ImmutableOopMap {r9=Oop [144]=Oop [152]=Oop [160]=Oop [168]=Oop [232]=Oop }
                      ;*synchronization entry
                      ; - jdk.internal.loader.Resource::cachedInputStream@-1 (line 76)
                      ; - jdk.internal.loader.Resource::getByteBuffer@1 (line 163)
                      ; - jdk.internal.loader.BuiltinClassLoader::defineClass@45 (line 853)
  0x000001a3b3e6bc28: ccff e9cf | fbff ff41 | 8b51 0c48 | c1e2 0348 | 83fa 000f | 8400 fcff | ff48 8914 

  0x000001a3b3e6bc44: ;   {runtime_call g1_pre_barrier_slow}
  0x000001a3b3e6bc44: 24e8 3679 | ccff e9f2 | fbff ff48 | 83f8 000f | 8407 fcff | ff4c 890c 

  0x000001a3b3e6bc5c: ;   {runtime_call g1_post_barrier_slow}
  0x000001a3b3e6bc5c: 24e8 1e7c | ccff e9f9 | fbff ff48 | 8d84 24e0 | 0000 0048 

  0x000001a3b3e6bc70: ;   {runtime_call monitorexit_nofpu Runtime1 stub}
  0x000001a3b3e6bc70: 8904 24e8 | 0858 ccff | e915 fcff | ff48 8914 

  0x000001a3b3e6bc80: ;   {runtime_call throw_class_cast_exception Runtime1 stub}
  0x000001a3b3e6bc80: 24e8 fa3c 

  0x000001a3b3e6bc84: ; ImmutableOopMap {[144]=Oop [152]=Oop [160]=Oop [168]=Oop }
                      ;*checkcast {reexecute=0 rethrow=0 return_oop=0}
                      ; - jdk.internal.loader.Resource::getByteBuffer@13 (line 165)
                      ; - jdk.internal.loader.BuiltinClassLoader::defineClass@45 (line 853)
  0x000001a3b3e6bc84: ccff 488b 

  0x000001a3b3e6bc88: ;   {runtime_call fast_new_instance Runtime1 stub}
  0x000001a3b3e6bc88: d2e8 7218 

  0x000001a3b3e6bc8c: ; ImmutableOopMap {r9=Oop [144]=Oop [160]=Oop [168]=Oop [184]=Oop }
                      ;*new {reexecute=0 rethrow=0 return_oop=0}
                      ; - jdk.internal.loader.BuiltinClassLoader::defineClass@61 (line 856)
  0x000001a3b3e6bc8c: ccff e964 

  0x000001a3b3e6bc90: ;   {internal_word}
  0x000001a3b3e6bc90: fdff ff49 | ba6c bae6 | b3a3 0100 | 004d 8997 | 6804 0000 

  0x000001a3b3e6bca4: ;   {runtime_call SafepointBlob}
  0x000001a3b3e6bca4: e9d7 97c1 | ff48 8bd2 

  0x000001a3b3e6bcac: ;   {runtime_call fast_new_instance Runtime1 stub}
  0x000001a3b3e6bcac: e84f 18cc 

  0x000001a3b3e6bcb0: ; ImmutableOopMap {r9=Oop [144]=Oop [160]=Oop [168]=Oop [200]=Oop }
                      ;*new {reexecute=0 rethrow=0 return_oop=0}
                      ; - jdk.internal.loader.BuiltinClassLoader::defineClass@95 (line 861)
  0x000001a3b3e6bcb0: ffe9 69fe 

  0x000001a3b3e6bcb4: ;   {runtime_call throw_null_pointer_exception Runtime1 stub}
  0x000001a3b3e6bcb4: ffff e845 

  0x000001a3b3e6bcb8: ; ImmutableOopMap {rax=Oop [144]=Oop [160]=Oop [200]=Oop [208]=Oop }
                      ;*arraylength {reexecute=0 rethrow=0 return_oop=0}
                      ; - jdk.internal.loader.BuiltinClassLoader::defineClass@114 (line 862)
                      ;   {internal_word}
  0x000001a3b3e6bcb8: 0fcc ff49 | bab4 bbe6 | b3a3 0100 | 004d 8997 | 6804 0000 

  0x000001a3b3e6bccc: ;   {runtime_call SafepointBlob}
  0x000001a3b3e6bccc: e9af 97c1 | ff48 8d84 | 24e0 0000 | 0048 8904 

  0x000001a3b3e6bcdc: ;   {runtime_call monitorexit_nofpu Runtime1 stub}
  0x000001a3b3e6bcdc: 24e8 9e57 | ccff e923 | ffff ff49 | 8b87 0005 | 0000 49c7 | 8700 0500 | 0000 0000 | 0049 c787 
  0x000001a3b3e6bcfc: 0805 0000 | 0000 0000 | 4881 c400 | 0100 005d 

  0x000001a3b3e6bd0c: ;   {runtime_call unwind_exception Runtime1 stub}
  0x000001a3b3e6bd0c: e9ef fbcb | fff4 f4f4 | f4f4 f4f4 
[Stub Code]
  0x000001a3b3e6bd18: ;   {no_reloc}
  0x000001a3b3e6bd18: 0f1f 4400 

  0x000001a3b3e6bd1c: ;   {static_stub}
  0x000001a3b3e6bd1c: 0048 bb00 | 0000 0000 

  0x000001a3b3e6bd24: ;   {runtime_call nmethod}
  0x000001a3b3e6bd24: 0000 00e9 | fbff ffff 

  0x000001a3b3e6bd2c: ;   {static_stub}
  0x000001a3b3e6bd2c: 9048 bb00 | 0000 0000 

  0x000001a3b3e6bd34: ;   {runtime_call nmethod}
  0x000001a3b3e6bd34: 0000 00e9 | fbff ffff 

  0x000001a3b3e6bd3c: ;   {static_stub}
  0x000001a3b3e6bd3c: 9048 bb00 | 0000 0000 

  0x000001a3b3e6bd44: ;   {runtime_call nmethod}
  0x000001a3b3e6bd44: 0000 00e9 | fbff ffff 

  0x000001a3b3e6bd4c: ;   {static_stub}
  0x000001a3b3e6bd4c: 9048 bb00 | 0000 0000 

  0x000001a3b3e6bd54: ;   {runtime_call nmethod}
  0x000001a3b3e6bd54: 0000 00e9 | fbff ffff 

  0x000001a3b3e6bd5c: ;   {static_stub}
  0x000001a3b3e6bd5c: 9048 bb00 | 0000 0000 

  0x000001a3b3e6bd64: ;   {runtime_call nmethod}
  0x000001a3b3e6bd64: 0000 00e9 | fbff ffff 

  0x000001a3b3e6bd6c: ;   {static_stub}
  0x000001a3b3e6bd6c: 9048 bb00 | 0000 0000 

  0x000001a3b3e6bd74: ;   {runtime_call nmethod}
  0x000001a3b3e6bd74: 0000 00e9 | fbff ffff 

  0x000001a3b3e6bd7c: ;   {static_stub}
  0x000001a3b3e6bd7c: 9048 bb00 | 0000 0000 

  0x000001a3b3e6bd84: ;   {runtime_call nmethod}
  0x000001a3b3e6bd84: 0000 00e9 | fbff ffff 

  0x000001a3b3e6bd8c: ;   {static_stub}
  0x000001a3b3e6bd8c: 9048 bb00 | 0000 0000 

  0x000001a3b3e6bd94: ;   {runtime_call nmethod}
  0x000001a3b3e6bd94: 0000 00e9 | fbff ffff 

  0x000001a3b3e6bd9c: ;   {static_stub}
  0x000001a3b3e6bd9c: 48bb 0000 | 0000 0000 

  0x000001a3b3e6bda4: ;   {runtime_call nmethod}
  0x000001a3b3e6bda4: 0000 e9fb 

  0x000001a3b3e6bda8: ;   {static_stub}
  0x000001a3b3e6bda8: ffff ff48 | bb00 0000 | 0000 0000 

  0x000001a3b3e6bdb4: ;   {runtime_call nmethod}
  0x000001a3b3e6bdb4: 00e9 fbff 

  0x000001a3b3e6bdb8: ;   {static_stub}
  0x000001a3b3e6bdb8: ffff 48bb | 0000 0000 | 0000 0000 

  0x000001a3b3e6bdc4: ;   {runtime_call nmethod}
  0x000001a3b3e6bdc4: e9fb ffff 

  0x000001a3b3e6bdc8: ;   {static_stub}
  0x000001a3b3e6bdc8: ff48 bbf0 | ea46 bfa3 

  0x000001a3b3e6bdd0: ;   {runtime_call I2C/C2I adapters}
  0x000001a3b3e6bdd0: 0100 00e9 | 93f0 c0ff 

  0x000001a3b3e6bdd8: ;   {static_stub}
  0x000001a3b3e6bdd8: 48bb 30e0 | 04bf a301 

  0x000001a3b3e6bde0: ;   {runtime_call I2C/C2I adapters}
  0x000001a3b3e6bde0: 0000 e900 

  0x000001a3b3e6bde4: ;   {static_stub}
  0x000001a3b3e6bde4: 82c1 ff48 | bb00 0000 | 0000 0000 

  0x000001a3b3e6bdf0: ;   {runtime_call nmethod}
  0x000001a3b3e6bdf0: 00e9 fbff 

  0x000001a3b3e6bdf4: ;   {static_stub}
  0x000001a3b3e6bdf4: ffff 48bb | a853 43bf | a301 0000 

  0x000001a3b3e6be00: ;   {runtime_call I2C/C2I adapters}
  0x000001a3b3e6be00: e9f0 67c0 

  0x000001a3b3e6be04: ;   {runtime_call handle_exception_from_callee Runtime1 stub}
  0x000001a3b3e6be04: ffe8 7635 

  0x000001a3b3e6be08: ;   {external_word}
  0x000001a3b3e6be08: ccff 48b9 | b013 f396 | f97f 0000 | 4883 e4f0 

  0x000001a3b3e6be18: ;   {runtime_call}
  0x000001a3b3e6be18: 48b8 3072 | b596 f97f | 0000 ffd0 

  0x000001a3b3e6be24: ;   {section_word}
  0x000001a3b3e6be24: f449 ba25 | bee6 b3a3 | 0100 0041 

  0x000001a3b3e6be30: ;   {runtime_call DeoptimizationBlob}
  0x000001a3b3e6be30: 52e9 ea88 | c1ff f4f4 
[/MachCode]


---------------  P R O C E S S  ---------------

Threads class SMR info:
_java_thread_list=0x000001a404525260, length=15, elements={
0x000001a3ab304750, 0x000001a3be9a2850, 0x000001a3be9a3570, 0x000001a3be9a5630,
0x000001a3be9a7590, 0x000001a3be9b2290, 0x000001a3be9b6c60, 0x000001a3be9b76c0,
0x000001a3bea9e070, 0x000001a3bea9ed30, 0x000001a3beafc120, 0x000001a40408a4f0,
0x000001a40408ab60, 0x000001a4042b4820, 0x000001a40460cc10
}

Java Threads: ( => current thread )
=>0x000001a3ab304750 JavaThread "main"                              [_thread_in_vm, id=7852, stack(0x0000006b7ae00000,0x0000006b7af00000) (1024K)]
  0x000001a3be9a2850 JavaThread "Reference Handler"          daemon [_thread_blocked, id=8984, stack(0x0000006b7b600000,0x0000006b7b700000) (1024K)]
  0x000001a3be9a3570 JavaThread "Finalizer"                  daemon [_thread_blocked, id=9404, stack(0x0000006b7b700000,0x0000006b7b800000) (1024K)]
  0x000001a3be9a5630 JavaThread "Signal Dispatcher"          daemon [_thread_blocked, id=9284, stack(0x0000006b7b800000,0x0000006b7b900000) (1024K)]
  0x000001a3be9a7590 JavaThread "Attach Listener"            daemon [_thread_blocked, id=16848, stack(0x0000006b7b900000,0x0000006b7ba00000) (1024K)]
  0x000001a3be9b2290 JavaThread "Service Thread"             daemon [_thread_blocked, id=17332, stack(0x0000006b7ba00000,0x0000006b7bb00000) (1024K)]
  0x000001a3be9b6c60 JavaThread "Monitor Deflation Thread"   daemon [_thread_blocked, id=11956, stack(0x0000006b7bb00000,0x0000006b7bc00000) (1024K)]
  0x000001a3be9b76c0 JavaThread "C1 CompilerThread0"         daemon [_thread_blocked, id=17548, stack(0x0000006b7bc00000,0x0000006b7bd00000) (1024K)]
  0x000001a3bea9e070 JavaThread "C1 CompilerThread1"         daemon [_thread_blocked, id=1672, stack(0x0000006b7bd00000,0x0000006b7be00000) (1024K)]
  0x000001a3bea9ed30 JavaThread "C1 CompilerThread2"         daemon [_thread_blocked, id=14064, stack(0x0000006b7be00000,0x0000006b7bf00000) (1024K)]
  0x000001a3beafc120 JavaThread "Common-Cleaner"             daemon [_thread_blocked, id=16552, stack(0x0000006b7bf00000,0x0000006b7c000000) (1024K)]
  0x000001a40408a4f0 JavaThread "Monitor Ctrl-Break"         daemon [_thread_in_native, id=19080, stack(0x0000006b7c000000,0x0000006b7c100000) (1024K)]
  0x000001a40408ab60 JavaThread "Notification Thread"        daemon [_thread_blocked, id=10732, stack(0x0000006b7c100000,0x0000006b7c200000) (1024K)]
  0x000001a4042b4820 JavaThread "RMI TCP Accept-0"           daemon [_thread_in_native, id=14580, stack(0x0000006b7c200000,0x0000006b7c300000) (1024K)]
  0x000001a40460cc10 JavaThread "C1 CompilerThread3"         daemon [_thread_blocked, id=18300, stack(0x0000006b7ca00000,0x0000006b7cb00000) (1024K)]
Total: 15

Other Threads:
  0x000001a3be985410 VMThread "VM Thread"                           [id=3560, stack(0x0000006b7b500000,0x0000006b7b600000) (1024K)]
  0x000001a3be974e30 WatcherThread "VM Periodic Task Thread"        [id=11204, stack(0x0000006b7b400000,0x0000006b7b500000) (1024K)]
  0x000001a3ab36bba0 WorkerThread "GC Thread#0"                     [id=772, stack(0x0000006b7af00000,0x0000006b7b000000) (1024K)]
  0x000001a40450ffe0 WorkerThread "GC Thread#1"                     [id=13460, stack(0x0000006b7c300000,0x0000006b7c400000) (1024K)]
  0x000001a404510390 WorkerThread "GC Thread#2"                     [id=10176, stack(0x0000006b7c400000,0x0000006b7c500000) (1024K)]
  0x000001a404510740 WorkerThread "GC Thread#3"                     [id=15840, stack(0x0000006b7c500000,0x0000006b7c600000) (1024K)]
  0x000001a4044f5250 WorkerThread "GC Thread#4"                     [id=19396, stack(0x0000006b7c600000,0x0000006b7c700000) (1024K)]
  0x000001a4044f5600 WorkerThread "GC Thread#5"                     [id=8152, stack(0x0000006b7c700000,0x0000006b7c800000) (1024K)]
  0x000001a404578490 WorkerThread "GC Thread#6"                     [id=10780, stack(0x0000006b7c800000,0x0000006b7c900000) (1024K)]
  0x000001a404578840 WorkerThread "GC Thread#7"                     [id=10904, stack(0x0000006b7c900000,0x0000006b7ca00000) (1024K)]
  0x000001a3ab37cad0 ConcurrentGCThread "G1 Main Marker"            [id=8052, stack(0x0000006b7b000000,0x0000006b7b100000) (1024K)]
  0x000001a3ab37d5e0 WorkerThread "G1 Conc#0"                       [id=11996, stack(0x0000006b7b100000,0x0000006b7b200000) (1024K)]
  0x000001a3be848df0 ConcurrentGCThread "G1 Refine#0"               [id=16720, stack(0x0000006b7b200000,0x0000006b7b300000) (1024K)]
  0x000001a3be849780 ConcurrentGCThread "G1 Service"                [id=4432, stack(0x0000006b7b300000,0x0000006b7b400000) (1024K)]
Total: 14

Threads with active compile tasks:
Total: 0

VM state: not at safepoint (normal execution)

VM Mutex/Monitor currently owned by a thread:  ([mutex/lock_event])
[0x00007ff9971e9820] Metaspace_lock - owner thread: 0x000001a3ab304750

Heap address: 0x0000000702600000, size: 4058 MB, Compressed Oops mode: Zero based, Oop shift amount: 3

CDS archive(s) mapped at: [0x000001a3bf000000-0x000001a3bfc80000-0x000001a3bfc80000), size 13107200, SharedBaseAddress: 0x000001a3bf000000, ArchiveRelocationMode: 1.
Compressed class space mapped at: 0x000001a3c0000000-0x000001a400000000, reserved size: 1073741824
Narrow klass base: 0x000001a3bf000000, Narrow klass shift: 0, Narrow klass range: 0x100000000

GC Precious Log:
 CardTable entry size: 512
 Card Set container configuration: InlinePtr #cards 4 size 8 Array Of Cards #cards 16 size 48 Howl #buckets 8 coarsen threshold 3686 Howl Bitmap #cards 512 size 80 coarsen threshold 460 Card regions per heap region 1 cards per card region 4096
 CPUs: 12 total, 12 available
 Memory: 16227M
 Large Page Support: Disabled
 NUMA Support: Disabled
 Compressed Oops: Enabled (Zero based)
 Heap Region Size: 2M
 Heap Min Capacity: 8M
 Heap Initial Capacity: 254M
 Heap Max Capacity: 4058M
 Pre-touch: Disabled
 Parallel Workers: 10
 Concurrent Workers: 3
 Concurrent Refinement Workers: 10
 Periodic GC: Disabled

Heap:
 garbage-first heap   total 260096K, used 7311K [0x0000000702600000, 0x0000000800000000)
  region size 2048K, 4 young (8192K), 2 survivors (4096K)
 Metaspace       used 7944K, committed 8128K, reserved 1114112K
  class space    used 989K, committed 1088K, reserved 1048576K

Heap Regions: E=young(eden), S=young(survivor), O=old, HS=humongous(starts), HC=humongous(continues), CS=collection set, F=free, TAMS=top-at-mark-start, PB=parsable bottom
|   0|0x0000000702600000, 0x0000000702723ed8, 0x0000000702800000| 57%| O|  |TAMS 0x0000000702600000| PB 0x0000000702600000| Untracked 
|   1|0x0000000702800000, 0x0000000702800000, 0x0000000702a00000|  0%| F|  |TAMS 0x0000000702800000| PB 0x0000000702800000| Untracked 
|   2|0x0000000702a00000, 0x0000000702a00000, 0x0000000702c00000|  0%| F|  |TAMS 0x0000000702a00000| PB 0x0000000702a00000| Untracked 
|   3|0x0000000702c00000, 0x0000000702c00000, 0x0000000702e00000|  0%| F|  |TAMS 0x0000000702c00000| PB 0x0000000702c00000| Untracked 
|   4|0x0000000702e00000, 0x0000000702e00000, 0x0000000703000000|  0%| F|  |TAMS 0x0000000702e00000| PB 0x0000000702e00000| Untracked 
|   5|0x0000000703000000, 0x0000000703000000, 0x0000000703200000|  0%| F|  |TAMS 0x0000000703000000| PB 0x0000000703000000| Untracked 
|   6|0x0000000703200000, 0x0000000703200000, 0x0000000703400000|  0%| F|  |TAMS 0x0000000703200000| PB 0x0000000703200000| Untracked 
|   7|0x0000000703400000, 0x0000000703400000, 0x0000000703600000|  0%| F|  |TAMS 0x0000000703400000| PB 0x0000000703400000| Untracked 
|   8|0x0000000703600000, 0x0000000703600000, 0x0000000703800000|  0%| F|  |TAMS 0x0000000703600000| PB 0x0000000703600000| Untracked 
|   9|0x0000000703800000, 0x0000000703800000, 0x0000000703a00000|  0%| F|  |TAMS 0x0000000703800000| PB 0x0000000703800000| Untracked 
|  10|0x0000000703a00000, 0x0000000703a00000, 0x0000000703c00000|  0%| F|  |TAMS 0x0000000703a00000| PB 0x0000000703a00000| Untracked 
|  11|0x0000000703c00000, 0x0000000703c00000, 0x0000000703e00000|  0%| F|  |TAMS 0x0000000703c00000| PB 0x0000000703c00000| Untracked 
|  12|0x0000000703e00000, 0x0000000703e00000, 0x0000000704000000|  0%| F|  |TAMS 0x0000000703e00000| PB 0x0000000703e00000| Untracked 
|  13|0x0000000704000000, 0x0000000704000000, 0x0000000704200000|  0%| F|  |TAMS 0x0000000704000000| PB 0x0000000704000000| Untracked 
|  14|0x0000000704200000, 0x0000000704200000, 0x0000000704400000|  0%| F|  |TAMS 0x0000000704200000| PB 0x0000000704200000| Untracked 
|  15|0x0000000704400000, 0x0000000704400000, 0x0000000704600000|  0%| F|  |TAMS 0x0000000704400000| PB 0x0000000704400000| Untracked 
|  16|0x0000000704600000, 0x0000000704600000, 0x0000000704800000|  0%| F|  |TAMS 0x0000000704600000| PB 0x0000000704600000| Untracked 
|  17|0x0000000704800000, 0x0000000704800000, 0x0000000704a00000|  0%| F|  |TAMS 0x0000000704800000| PB 0x0000000704800000| Untracked 
|  18|0x0000000704a00000, 0x0000000704a00000, 0x0000000704c00000|  0%| F|  |TAMS 0x0000000704a00000| PB 0x0000000704a00000| Untracked 
|  19|0x0000000704c00000, 0x0000000704c00000, 0x0000000704e00000|  0%| F|  |TAMS 0x0000000704c00000| PB 0x0000000704c00000| Untracked 
|  20|0x0000000704e00000, 0x0000000704e00000, 0x0000000705000000|  0%| F|  |TAMS 0x0000000704e00000| PB 0x0000000704e00000| Untracked 
|  21|0x0000000705000000, 0x0000000705000000, 0x0000000705200000|  0%| F|  |TAMS 0x0000000705000000| PB 0x0000000705000000| Untracked 
|  22|0x0000000705200000, 0x0000000705200000, 0x0000000705400000|  0%| F|  |TAMS 0x0000000705200000| PB 0x0000000705200000| Untracked 
|  23|0x0000000705400000, 0x0000000705400000, 0x0000000705600000|  0%| F|  |TAMS 0x0000000705400000| PB 0x0000000705400000| Untracked 
|  24|0x0000000705600000, 0x0000000705600000, 0x0000000705800000|  0%| F|  |TAMS 0x0000000705600000| PB 0x0000000705600000| Untracked 
|  25|0x0000000705800000, 0x0000000705800000, 0x0000000705a00000|  0%| F|  |TAMS 0x0000000705800000| PB 0x0000000705800000| Untracked 
|  26|0x0000000705a00000, 0x0000000705a00000, 0x0000000705c00000|  0%| F|  |TAMS 0x0000000705a00000| PB 0x0000000705a00000| Untracked 
|  27|0x0000000705c00000, 0x0000000705c00000, 0x0000000705e00000|  0%| F|  |TAMS 0x0000000705c00000| PB 0x0000000705c00000| Untracked 
|  28|0x0000000705e00000, 0x0000000705e00000, 0x0000000706000000|  0%| F|  |TAMS 0x0000000705e00000| PB 0x0000000705e00000| Untracked 
|  29|0x0000000706000000, 0x0000000706000000, 0x0000000706200000|  0%| F|  |TAMS 0x0000000706000000| PB 0x0000000706000000| Untracked 
|  30|0x0000000706200000, 0x0000000706200000, 0x0000000706400000|  0%| F|  |TAMS 0x0000000706200000| PB 0x0000000706200000| Untracked 
|  31|0x0000000706400000, 0x0000000706400000, 0x0000000706600000|  0%| F|  |TAMS 0x0000000706400000| PB 0x0000000706400000| Untracked 
|  32|0x0000000706600000, 0x0000000706600000, 0x0000000706800000|  0%| F|  |TAMS 0x0000000706600000| PB 0x0000000706600000| Untracked 
|  33|0x0000000706800000, 0x0000000706800000, 0x0000000706a00000|  0%| F|  |TAMS 0x0000000706800000| PB 0x0000000706800000| Untracked 
|  34|0x0000000706a00000, 0x0000000706a00000, 0x0000000706c00000|  0%| F|  |TAMS 0x0000000706a00000| PB 0x0000000706a00000| Untracked 
|  35|0x0000000706c00000, 0x0000000706c00000, 0x0000000706e00000|  0%| F|  |TAMS 0x0000000706c00000| PB 0x0000000706c00000| Untracked 
|  36|0x0000000706e00000, 0x0000000706e00000, 0x0000000707000000|  0%| F|  |TAMS 0x0000000706e00000| PB 0x0000000706e00000| Untracked 
|  37|0x0000000707000000, 0x0000000707000000, 0x0000000707200000|  0%| F|  |TAMS 0x0000000707000000| PB 0x0000000707000000| Untracked 
|  38|0x0000000707200000, 0x0000000707200000, 0x0000000707400000|  0%| F|  |TAMS 0x0000000707200000| PB 0x0000000707200000| Untracked 
|  39|0x0000000707400000, 0x0000000707400000, 0x0000000707600000|  0%| F|  |TAMS 0x0000000707400000| PB 0x0000000707400000| Untracked 
|  40|0x0000000707600000, 0x0000000707600000, 0x0000000707800000|  0%| F|  |TAMS 0x0000000707600000| PB 0x0000000707600000| Untracked 
|  41|0x0000000707800000, 0x0000000707800000, 0x0000000707a00000|  0%| F|  |TAMS 0x0000000707800000| PB 0x0000000707800000| Untracked 
|  42|0x0000000707a00000, 0x0000000707a00000, 0x0000000707c00000|  0%| F|  |TAMS 0x0000000707a00000| PB 0x0000000707a00000| Untracked 
|  43|0x0000000707c00000, 0x0000000707c00000, 0x0000000707e00000|  0%| F|  |TAMS 0x0000000707c00000| PB 0x0000000707c00000| Untracked 
|  44|0x0000000707e00000, 0x0000000707e00000, 0x0000000708000000|  0%| F|  |TAMS 0x0000000707e00000| PB 0x0000000707e00000| Untracked 
|  45|0x0000000708000000, 0x0000000708000000, 0x0000000708200000|  0%| F|  |TAMS 0x0000000708000000| PB 0x0000000708000000| Untracked 
|  46|0x0000000708200000, 0x0000000708200000, 0x0000000708400000|  0%| F|  |TAMS 0x0000000708200000| PB 0x0000000708200000| Untracked 
|  47|0x0000000708400000, 0x0000000708400000, 0x0000000708600000|  0%| F|  |TAMS 0x0000000708400000| PB 0x0000000708400000| Untracked 
|  48|0x0000000708600000, 0x0000000708600000, 0x0000000708800000|  0%| F|  |TAMS 0x0000000708600000| PB 0x0000000708600000| Untracked 
|  49|0x0000000708800000, 0x0000000708800000, 0x0000000708a00000|  0%| F|  |TAMS 0x0000000708800000| PB 0x0000000708800000| Untracked 
|  50|0x0000000708a00000, 0x0000000708a00000, 0x0000000708c00000|  0%| F|  |TAMS 0x0000000708a00000| PB 0x0000000708a00000| Untracked 
|  51|0x0000000708c00000, 0x0000000708c00000, 0x0000000708e00000|  0%| F|  |TAMS 0x0000000708c00000| PB 0x0000000708c00000| Untracked 
|  52|0x0000000708e00000, 0x0000000708e00000, 0x0000000709000000|  0%| F|  |TAMS 0x0000000708e00000| PB 0x0000000708e00000| Untracked 
|  53|0x0000000709000000, 0x0000000709000000, 0x0000000709200000|  0%| F|  |TAMS 0x0000000709000000| PB 0x0000000709000000| Untracked 
|  54|0x0000000709200000, 0x0000000709200000, 0x0000000709400000|  0%| F|  |TAMS 0x0000000709200000| PB 0x0000000709200000| Untracked 
|  55|0x0000000709400000, 0x0000000709400000, 0x0000000709600000|  0%| F|  |TAMS 0x0000000709400000| PB 0x0000000709400000| Untracked 
|  56|0x0000000709600000, 0x0000000709600000, 0x0000000709800000|  0%| F|  |TAMS 0x0000000709600000| PB 0x0000000709600000| Untracked 
|  57|0x0000000709800000, 0x0000000709800000, 0x0000000709a00000|  0%| F|  |TAMS 0x0000000709800000| PB 0x0000000709800000| Untracked 
|  58|0x0000000709a00000, 0x0000000709a00000, 0x0000000709c00000|  0%| F|  |TAMS 0x0000000709a00000| PB 0x0000000709a00000| Untracked 
|  59|0x0000000709c00000, 0x0000000709c00000, 0x0000000709e00000|  0%| F|  |TAMS 0x0000000709c00000| PB 0x0000000709c00000| Untracked 
|  60|0x0000000709e00000, 0x0000000709e00000, 0x000000070a000000|  0%| F|  |TAMS 0x0000000709e00000| PB 0x0000000709e00000| Untracked 
|  61|0x000000070a000000, 0x000000070a000000, 0x000000070a200000|  0%| F|  |TAMS 0x000000070a000000| PB 0x000000070a000000| Untracked 
|  62|0x000000070a200000, 0x000000070a200000, 0x000000070a400000|  0%| F|  |TAMS 0x000000070a200000| PB 0x000000070a200000| Untracked 
|  63|0x000000070a400000, 0x000000070a400000, 0x000000070a600000|  0%| F|  |TAMS 0x000000070a400000| PB 0x000000070a400000| Untracked 
|  64|0x000000070a600000, 0x000000070a600000, 0x000000070a800000|  0%| F|  |TAMS 0x000000070a600000| PB 0x000000070a600000| Untracked 
|  65|0x000000070a800000, 0x000000070a800000, 0x000000070aa00000|  0%| F|  |TAMS 0x000000070a800000| PB 0x000000070a800000| Untracked 
|  66|0x000000070aa00000, 0x000000070aa00000, 0x000000070ac00000|  0%| F|  |TAMS 0x000000070aa00000| PB 0x000000070aa00000| Untracked 
|  67|0x000000070ac00000, 0x000000070ac00000, 0x000000070ae00000|  0%| F|  |TAMS 0x000000070ac00000| PB 0x000000070ac00000| Untracked 
|  68|0x000000070ae00000, 0x000000070ae00000, 0x000000070b000000|  0%| F|  |TAMS 0x000000070ae00000| PB 0x000000070ae00000| Untracked 
|  69|0x000000070b000000, 0x000000070b000000, 0x000000070b200000|  0%| F|  |TAMS 0x000000070b000000| PB 0x000000070b000000| Untracked 
|  70|0x000000070b200000, 0x000000070b200000, 0x000000070b400000|  0%| F|  |TAMS 0x000000070b200000| PB 0x000000070b200000| Untracked 
|  71|0x000000070b400000, 0x000000070b400000, 0x000000070b600000|  0%| F|  |TAMS 0x000000070b400000| PB 0x000000070b400000| Untracked 
|  72|0x000000070b600000, 0x000000070b600000, 0x000000070b800000|  0%| F|  |TAMS 0x000000070b600000| PB 0x000000070b600000| Untracked 
|  73|0x000000070b800000, 0x000000070b800000, 0x000000070ba00000|  0%| F|  |TAMS 0x000000070b800000| PB 0x000000070b800000| Untracked 
|  74|0x000000070ba00000, 0x000000070ba00000, 0x000000070bc00000|  0%| F|  |TAMS 0x000000070ba00000| PB 0x000000070ba00000| Untracked 
|  75|0x000000070bc00000, 0x000000070bc00000, 0x000000070be00000|  0%| F|  |TAMS 0x000000070bc00000| PB 0x000000070bc00000| Untracked 
|  76|0x000000070be00000, 0x000000070be00000, 0x000000070c000000|  0%| F|  |TAMS 0x000000070be00000| PB 0x000000070be00000| Untracked 
|  77|0x000000070c000000, 0x000000070c000000, 0x000000070c200000|  0%| F|  |TAMS 0x000000070c000000| PB 0x000000070c000000| Untracked 
|  78|0x000000070c200000, 0x000000070c200000, 0x000000070c400000|  0%| F|  |TAMS 0x000000070c200000| PB 0x000000070c200000| Untracked 
|  79|0x000000070c400000, 0x000000070c400000, 0x000000070c600000|  0%| F|  |TAMS 0x000000070c400000| PB 0x000000070c400000| Untracked 
|  80|0x000000070c600000, 0x000000070c600000, 0x000000070c800000|  0%| F|  |TAMS 0x000000070c600000| PB 0x000000070c600000| Untracked 
|  81|0x000000070c800000, 0x000000070c800000, 0x000000070ca00000|  0%| F|  |TAMS 0x000000070c800000| PB 0x000000070c800000| Untracked 
|  82|0x000000070ca00000, 0x000000070ca00000, 0x000000070cc00000|  0%| F|  |TAMS 0x000000070ca00000| PB 0x000000070ca00000| Untracked 
|  83|0x000000070cc00000, 0x000000070cc00000, 0x000000070ce00000|  0%| F|  |TAMS 0x000000070cc00000| PB 0x000000070cc00000| Untracked 
|  84|0x000000070ce00000, 0x000000070ce00000, 0x000000070d000000|  0%| F|  |TAMS 0x000000070ce00000| PB 0x000000070ce00000| Untracked 
|  85|0x000000070d000000, 0x000000070d000000, 0x000000070d200000|  0%| F|  |TAMS 0x000000070d000000| PB 0x000000070d000000| Untracked 
|  86|0x000000070d200000, 0x000000070d200000, 0x000000070d400000|  0%| F|  |TAMS 0x000000070d200000| PB 0x000000070d200000| Untracked 
|  87|0x000000070d400000, 0x000000070d400000, 0x000000070d600000|  0%| F|  |TAMS 0x000000070d400000| PB 0x000000070d400000| Untracked 
|  88|0x000000070d600000, 0x000000070d600000, 0x000000070d800000|  0%| F|  |TAMS 0x000000070d600000| PB 0x000000070d600000| Untracked 
|  89|0x000000070d800000, 0x000000070d800000, 0x000000070da00000|  0%| F|  |TAMS 0x000000070d800000| PB 0x000000070d800000| Untracked 
|  90|0x000000070da00000, 0x000000070da00000, 0x000000070dc00000|  0%| F|  |TAMS 0x000000070da00000| PB 0x000000070da00000| Untracked 
|  91|0x000000070dc00000, 0x000000070dc00000, 0x000000070de00000|  0%| F|  |TAMS 0x000000070dc00000| PB 0x000000070dc00000| Untracked 
|  92|0x000000070de00000, 0x000000070de00000, 0x000000070e000000|  0%| F|  |TAMS 0x000000070de00000| PB 0x000000070de00000| Untracked 
|  93|0x000000070e000000, 0x000000070e000000, 0x000000070e200000|  0%| F|  |TAMS 0x000000070e000000| PB 0x000000070e000000| Untracked 
|  94|0x000000070e200000, 0x000000070e200000, 0x000000070e400000|  0%| F|  |TAMS 0x000000070e200000| PB 0x000000070e200000| Untracked 
|  95|0x000000070e400000, 0x000000070e400000, 0x000000070e600000|  0%| F|  |TAMS 0x000000070e400000| PB 0x000000070e400000| Untracked 
|  96|0x000000070e600000, 0x000000070e600000, 0x000000070e800000|  0%| F|  |TAMS 0x000000070e600000| PB 0x000000070e600000| Untracked 
|  97|0x000000070e800000, 0x000000070e800000, 0x000000070ea00000|  0%| F|  |TAMS 0x000000070e800000| PB 0x000000070e800000| Untracked 
|  98|0x000000070ea00000, 0x000000070ea00000, 0x000000070ec00000|  0%| F|  |TAMS 0x000000070ea00000| PB 0x000000070ea00000| Untracked 
|  99|0x000000070ec00000, 0x000000070ec00000, 0x000000070ee00000|  0%| F|  |TAMS 0x000000070ec00000| PB 0x000000070ec00000| Untracked 
| 100|0x000000070ee00000, 0x000000070ee00000, 0x000000070f000000|  0%| F|  |TAMS 0x000000070ee00000| PB 0x000000070ee00000| Untracked 
| 101|0x000000070f000000, 0x000000070f000000, 0x000000070f200000|  0%| F|  |TAMS 0x000000070f000000| PB 0x000000070f000000| Untracked 
| 102|0x000000070f200000, 0x000000070f200000, 0x000000070f400000|  0%| F|  |TAMS 0x000000070f200000| PB 0x000000070f200000| Untracked 
| 103|0x000000070f400000, 0x000000070f400000, 0x000000070f600000|  0%| F|  |TAMS 0x000000070f400000| PB 0x000000070f400000| Untracked 
| 104|0x000000070f600000, 0x000000070f600000, 0x000000070f800000|  0%| F|  |TAMS 0x000000070f600000| PB 0x000000070f600000| Untracked 
| 105|0x000000070f800000, 0x000000070f800000, 0x000000070fa00000|  0%| F|  |TAMS 0x000000070f800000| PB 0x000000070f800000| Untracked 
| 106|0x000000070fa00000, 0x000000070fa00000, 0x000000070fc00000|  0%| F|  |TAMS 0x000000070fa00000| PB 0x000000070fa00000| Untracked 
| 107|0x000000070fc00000, 0x000000070fc00000, 0x000000070fe00000|  0%| F|  |TAMS 0x000000070fc00000| PB 0x000000070fc00000| Untracked 
| 108|0x000000070fe00000, 0x000000070fe00000, 0x0000000710000000|  0%| F|  |TAMS 0x000000070fe00000| PB 0x000000070fe00000| Untracked 
| 109|0x0000000710000000, 0x0000000710000000, 0x0000000710200000|  0%| F|  |TAMS 0x0000000710000000| PB 0x0000000710000000| Untracked 
| 110|0x0000000710200000, 0x0000000710200000, 0x0000000710400000|  0%| F|  |TAMS 0x0000000710200000| PB 0x0000000710200000| Untracked 
| 111|0x0000000710400000, 0x0000000710400000, 0x0000000710600000|  0%| F|  |TAMS 0x0000000710400000| PB 0x0000000710400000| Untracked 
| 112|0x0000000710600000, 0x0000000710600000, 0x0000000710800000|  0%| F|  |TAMS 0x0000000710600000| PB 0x0000000710600000| Untracked 
| 113|0x0000000710800000, 0x0000000710800000, 0x0000000710a00000|  0%| F|  |TAMS 0x0000000710800000| PB 0x0000000710800000| Untracked 
| 114|0x0000000710a00000, 0x0000000710c00000, 0x0000000710c00000|100%| S|CS|TAMS 0x0000000710a00000| PB 0x0000000710a00000| Complete 
| 115|0x0000000710c00000, 0x0000000710e00000, 0x0000000710e00000|100%| S|CS|TAMS 0x0000000710c00000| PB 0x0000000710c00000| Complete 
| 116|0x0000000710e00000, 0x0000000710e00000, 0x0000000711000000|  0%| F|  |TAMS 0x0000000710e00000| PB 0x0000000710e00000| Untracked 
| 117|0x0000000711000000, 0x0000000711000000, 0x0000000711200000|  0%| F|  |TAMS 0x0000000711000000| PB 0x0000000711000000| Untracked 
| 118|0x0000000711200000, 0x0000000711200000, 0x0000000711400000|  0%| F|  |TAMS 0x0000000711200000| PB 0x0000000711200000| Untracked 
| 119|0x0000000711400000, 0x0000000711400000, 0x0000000711600000|  0%| F|  |TAMS 0x0000000711400000| PB 0x0000000711400000| Untracked 
| 120|0x0000000711600000, 0x0000000711600000, 0x0000000711800000|  0%| F|  |TAMS 0x0000000711600000| PB 0x0000000711600000| Untracked 
| 121|0x0000000711800000, 0x0000000711800000, 0x0000000711a00000|  0%| F|  |TAMS 0x0000000711800000| PB 0x0000000711800000| Untracked 
| 122|0x0000000711a00000, 0x0000000711a00000, 0x0000000711c00000|  0%| F|  |TAMS 0x0000000711a00000| PB 0x0000000711a00000| Untracked 
| 123|0x0000000711c00000, 0x0000000711c00000, 0x0000000711e00000|  0%| F|  |TAMS 0x0000000711c00000| PB 0x0000000711c00000| Untracked 
| 124|0x0000000711e00000, 0x0000000711e00000, 0x0000000712000000|  0%| F|  |TAMS 0x0000000711e00000| PB 0x0000000711e00000| Untracked 
| 125|0x0000000712000000, 0x00000007121a6ac8, 0x0000000712200000| 82%| E|  |TAMS 0x0000000712000000| PB 0x0000000712000000| Complete 
| 126|0x0000000712200000, 0x0000000712400000, 0x0000000712400000|100%| E|CS|TAMS 0x0000000712200000| PB 0x0000000712200000| Complete 

Card table byte_map: [0x000001a3b7550000,0x000001a3b7d40000] _byte_map_base: 0x000001a3b3d3d000

Marking Bits: (CMBitMap*) 0x000001a3ab36c2b0
 Bits: [0x000001a3b7d40000, 0x000001a3bbca8000)

Polling page: 0x000001a3a91b0000

Metaspace:

Usage:
  Non-class:      6.79 MB used.
      Class:    989.48 KB used.
       Both:      7.76 MB used.

Virtual space:
  Non-class space:       64.00 MB reserved,       6.88 MB ( 11%) committed,  1 nodes.
      Class space:        1.00 GB reserved,       1.06 MB ( <1%) committed,  1 nodes.
             Both:        1.06 GB reserved,       7.94 MB ( <1%) committed. 

Chunk freelists:
   Non-Class:  8.73 MB
       Class:  14.91 MB
        Both:  23.64 MB

MaxMetaspaceSize: unlimited
CompressedClassSpaceSize: 1.00 GB
Initial GC threshold: 21.00 MB
Current GC threshold: 21.00 MB
CDS: on
 - commit_granule_bytes: 65536.
 - commit_granule_words: 8192.
 - virtual_space_node_default_size: 8388608.
 - enlarge_chunks_in_place: 1.
 - use_allocation_guard: 0.


Internal statistics:

num_allocs_failed_limit: 0.
num_arena_births: 192.
num_arena_deaths: 0.
num_vsnodes_births: 2.
num_vsnodes_deaths: 0.
num_space_committed: 127.
num_space_uncommitted: 0.
num_chunks_returned_to_freelist: 0.
num_chunks_taken_from_freelist: 328.
num_chunk_merges: 0.
num_chunk_splits: 215.
num_chunks_enlarged: 146.
num_inconsistent_stats: 0.

CodeCache: size=49152Kb used=5064Kb max_used=5064Kb free=44087Kb
 bounds [0x000001a3b3a30000, 0x000001a3b3f30000, 0x000001a3b6a30000]
 total_blobs=1970, nmethods=1491, adapters=401, full_count=0
Compilation: enabled, stopped_count=0, restarted_count=0

Compilation events (20 events):
Event: 0.356 Thread 0x000001a40460cc10 nmethod 1481 0x000001a3b3f1dc90 code [0x000001a3b3f1de60, 0x000001a3b3f1e128]
Event: 0.356 Thread 0x000001a40460cc10 1484       1       java.util.zip.Checksum::update (11 bytes)
Event: 0.356 Thread 0x000001a3bea9ed30 nmethod 1483 0x000001a3b3f1e290 code [0x000001a3b3f1e420, 0x000001a3b3f1e4e8]
Event: 0.356 Thread 0x000001a3bea9e070 nmethod 1482 0x000001a3b3f1e590 code [0x000001a3b3f1e720, 0x000001a3b3f1e7f8]
Event: 0.356 Thread 0x000001a3bea9ed30 1485       1       java.util.zip.CRC32::update (38 bytes)
Event: 0.356 Thread 0x000001a3bea9e070 1486       1       java.util.zip.CRC32::updateBytes (14 bytes)
Event: 0.356 Thread 0x000001a40460cc10 nmethod 1484 0x000001a3b3f1e890 code [0x000001a3b3f1ea40, 0x000001a3b3f1eb70]
Event: 0.356 Thread 0x000001a40460cc10 1487       1       java.util.zip.CRC32::updateBytesCheck (35 bytes)
Event: 0.356 Thread 0x000001a3bea9e070 nmethod 1486 0x000001a3b3f1ec90 code [0x000001a3b3f1ee40, 0x000001a3b3f1f040]
Event: 0.356 Thread 0x000001a3bea9e070 1489       1       jdk.internal.loader.URLClassPath$JarLoader$2::getCodeSigners (8 bytes)
Event: 0.356 Thread 0x000001a40460cc10 nmethod 1487 0x000001a3b3f1f210 code [0x000001a3b3f1f3c0, 0x000001a3b3f1f5c0]
Event: 0.356 Thread 0x000001a3bea9ed30 nmethod 1485 0x000001a3b3f1f710 code [0x000001a3b3f1f8e0, 0x000001a3b3f1fb30]
Event: 0.356 Thread 0x000001a3bea9e070 nmethod 1489 0x000001a3b3f1fc90 code [0x000001a3b3f1fe40, 0x000001a3b3f1ff38]
Event: 0.356 Thread 0x000001a40460cc10 1490   !   1       java.util.jar.JarFile$JarFileEntry::getCodeSigners (77 bytes)
Event: 0.356 Thread 0x000001a3bea9e070 1488       1       java.util.zip.CRC32::getValue (10 bytes)
Event: 0.356 Thread 0x000001a3be9b76c0 nmethod 1478 0x000001a3b3f20010 code [0x000001a3b3f202c0, 0x000001a3b3f20e78]
Event: 0.356 Thread 0x000001a3bea9ed30 1491       1       java.lang.reflect.Constructor::getDeclaringClass (5 bytes)
Event: 0.356 Thread 0x000001a3bea9e070 nmethod 1488 0x000001a3b3f21410 code [0x000001a3b3f215a0, 0x000001a3b3f21678]
Event: 0.356 Thread 0x000001a3bea9ed30 nmethod 1491 0x000001a3b3f21710 code [0x000001a3b3f218a0, 0x000001a3b3f21970]
Event: 0.356 Thread 0x000001a40460cc10 nmethod 1490 0x000001a3b3f21a10 code [0x000001a3b3f21c00, 0x000001a3b3f21f78]

GC Heap History (2 events):
Event: 0.324 GC heap before
{Heap before GC invocations=0 (full 0):
 garbage-first heap   total 260096K, used 22528K [0x0000000702600000, 0x0000000800000000)
  region size 2048K, 11 young (22528K), 0 survivors (0K)
 Metaspace       used 7239K, committed 7488K, reserved 1114112K
  class space    used 894K, committed 1024K, reserved 1048576K
}
Event: 0.327 GC heap after
{Heap after GC invocations=1 (full 0):
 garbage-first heap   total 260096K, used 5263K [0x0000000702600000, 0x0000000800000000)
  region size 2048K, 2 young (4096K), 2 survivors (4096K)
 Metaspace       used 7239K, committed 7488K, reserved 1114112K
  class space    used 894K, committed 1024K, reserved 1048576K
}

Dll operation events (10 events):
Event: 0.005 Loaded shared library C:\Users\user\.jdks\ms-21.0.10\bin\java.dll
Event: 0.058 Loaded shared library C:\Users\user\.jdks\ms-21.0.10\bin\zip.dll
Event: 0.061 Loaded shared library C:\Users\user\.jdks\ms-21.0.10\bin\instrument.dll
Event: 0.064 Loaded shared library C:\Users\user\.jdks\ms-21.0.10\bin\net.dll
Event: 0.065 Loaded shared library C:\Users\user\.jdks\ms-21.0.10\bin\nio.dll
Event: 0.067 Loaded shared library C:\Users\user\.jdks\ms-21.0.10\bin\zip.dll
Event: 0.095 Loaded shared library C:\Users\user\.jdks\ms-21.0.10\bin\jimage.dll
Event: 0.097 Loaded shared library C:\Users\user\.jdks\ms-21.0.10\bin\extnet.dll
Event: 0.103 Loaded shared library C:\Users\user\.jdks\ms-21.0.10\bin\management.dll
Event: 0.108 Loaded shared library C:\Users\user\.jdks\ms-21.0.10\bin\management_ext.dll

Deoptimization events (0 events):
No events

Classes loaded (20 events):
Event: 0.332 Loading class java/util/IdentityHashMap$EntrySet
Event: 0.332 Loading class java/util/IdentityHashMap$EntrySet done
Event: 0.332 Loading class java/util/IdentityHashMap$EntryIterator
Event: 0.332 Loading class java/util/IdentityHashMap$EntryIterator done
Event: 0.332 Loading class java/util/IdentityHashMap$EntryIterator$Entry
Event: 0.332 Loading class java/util/IdentityHashMap$EntryIterator$Entry done
Event: 0.332 Loading class java/util/IdentityHashMap$ValueIterator
Event: 0.332 Loading class java/util/IdentityHashMap$ValueIterator done
Event: 0.334 Loading class java/lang/reflect/UndeclaredThrowableException
Event: 0.334 Loading class java/lang/reflect/UndeclaredThrowableException done
Event: 0.346 Loading class java/lang/NoSuchFieldError
Event: 0.346 Loading class java/lang/NoSuchFieldError done
Event: 0.347 Loading class java/lang/FunctionalInterface
Event: 0.347 Loading class java/lang/FunctionalInterface done
Event: 0.350 Loading class java/lang/ArrayIndexOutOfBoundsException
Event: 0.350 Loading class java/lang/ArrayIndexOutOfBoundsException done
Event: 0.352 Loading class java/lang/TypeNotPresentException
Event: 0.352 Loading class java/lang/TypeNotPresentException done
Event: 0.353 Loading class java/lang/reflect/WildcardType
Event: 0.353 Loading class java/lang/reflect/WildcardType done

Classes unloaded (0 events):
No events

Classes redefined (0 events):
No events

Internal exceptions (20 events):
Event: 0.110 Thread 0x000001a3ab304750 Exception <a 'java/lang/IncompatibleClassChangeError'{0x0000000711df45d8}: Found class java.lang.Object, but interface was expected> (0x0000000711df45d8) 
thrown [s\src\hotspot\share\interpreter\linkResolver.cpp, line 840]
Event: 0.131 Thread 0x000001a3ab304750 Exception <a 'java/lang/NoSuchMethodError'{0x0000000711abf068}: 'int java.lang.invoke.DirectMethodHandle$Holder.invokeSpecial(java.lang.Object, java.lang.Object, java.lang.Object)'> (0x0000000711abf068) 
thrown [s\src\hotspot\share\interpreter\linkResolver.cpp, line 773]
Event: 0.146 Thread 0x000001a3ab304750 Exception <a 'java/lang/NoSuchMethodError'{0x0000000711809a70}: 'java.lang.Object java.lang.invoke.DirectMethodHandle$Holder.invokeStaticInit(java.lang.Object, java.lang.Object, java.lang.Object)'> (0x0000000711809a70) 
thrown [s\src\hotspot\share\interpreter\linkResolver.cpp, line 773]
Event: 0.175 Thread 0x000001a3ab304750 Exception <a 'java/lang/NoSuchMethodError'{0x00000007117056e8}: 'int java.lang.invoke.DirectMethodHandle$Holder.invokeSpecialIFC(java.lang.Object, java.lang.Object, java.lang.Object)'> (0x00000007117056e8) 
thrown [s\src\hotspot\share\interpreter\linkResolver.cpp, line 773]
Event: 0.193 Thread 0x000001a3ab304750 Exception <a 'java/lang/NoSuchMethodError'{0x0000000711778370}: 'java.lang.Object java.lang.invoke.DirectMethodHandle$Holder.invokeStaticInit(java.lang.Object, int, int, int, int)'> (0x0000000711778370) 
thrown [s\src\hotspot\share\interpreter\linkResolver.cpp, line 773]
Event: 0.206 Thread 0x000001a3ab304750 Exception <a 'java/lang/NoSuchMethodError'{0x0000000711445770}: 'java.lang.Object java.lang.invoke.DirectMethodHandle$Holder.invokeStaticInit(java.lang.Object, java.lang.Object, int, int, int, int)'> (0x0000000711445770) 
thrown [s\src\hotspot\share\interpreter\linkResolver.cpp, line 773]
Event: 0.214 Thread 0x000001a3ab304750 Exception <a 'java/lang/ClassNotFoundException'{0x0000000711463330}: javax/management/remote/rmi/RMIServerImpl_Skel> (0x0000000711463330) 
thrown [s\src\hotspot\share\classfile\systemDictionary.cpp, line 312]
Event: 0.220 Thread 0x000001a3ab304750 Exception <a 'java/lang/NoSuchMethodError'{0x00000007114810b0}: 'long java.lang.invoke.DirectMethodHandle$Holder.invokeSpecial(java.lang.Object, java.lang.Object)'> (0x00000007114810b0) 
thrown [s\src\hotspot\share\interpreter\linkResolver.cpp, line 773]
Event: 0.220 Thread 0x000001a3ab304750 Exception <a 'java/lang/NoSuchMethodError'{0x0000000711484798}: 'long java.lang.invoke.Invokers$Holder.invokeExact_MT(java.lang.Object, java.lang.Object)'> (0x0000000711484798) 
thrown [s\src\hotspot\share\interpreter\linkResolver.cpp, line 773]
Event: 0.222 Thread 0x000001a3ab304750 Exception <a 'java/lang/NoSuchMethodError'{0x000000071149dd20}: 'void java.lang.invoke.DirectMethodHandle$Holder.invokeSpecial(java.lang.Object, java.lang.Object, java.lang.Object)'> (0x000000071149dd20) 
thrown [s\src\hotspot\share\interpreter\linkResolver.cpp, line 773]
Event: 0.251 Thread 0x000001a3ab304750 Exception <a 'java/lang/NoSuchMethodError'{0x00000007112fe310}: 'void java.lang.invoke.DirectMethodHandle$Holder.invokeStatic(java.lang.Object, java.lang.Object, java.lang.Object, java.lang.Object)'> (0x00000007112fe310) 
thrown [s\src\hotspot\share\interpreter\linkResolver.cpp, line 773]
Event: 0.259 Thread 0x000001a3ab304750 Exception <a 'java/lang/NoSuchMethodError'{0x0000000711367d88}: 'int java.lang.invoke.DirectMethodHandle$Holder.invokeStatic(java.lang.Object)'> (0x0000000711367d88) 
thrown [s\src\hotspot\share\interpreter\linkResolver.cpp, line 773]
Event: 0.259 Thread 0x000001a3ab304750 Exception <a 'java/lang/NoSuchMethodError'{0x000000071136afd0}: 'int java.lang.invoke.DirectMethodHandle$Holder.invokeStaticInit(java.lang.Object)'> (0x000000071136afd0) 
thrown [s\src\hotspot\share\interpreter\linkResolver.cpp, line 773]
Event: 0.264 Thread 0x000001a3ab304750 Exception <a 'java/lang/NoSuchMethodError'{0x00000007113c1570}: 'java.lang.Object java.lang.invoke.DirectMethodHandle$Holder.invokeStatic(java.lang.Object, int, java.lang.Object)'> (0x00000007113c1570) 
thrown [s\src\hotspot\share\interpreter\linkResolver.cpp, line 773]
Event: 0.265 Thread 0x000001a3ab304750 Exception <a 'java/lang/NoSuchMethodError'{0x00000007113c8538}: 'java.lang.Object java.lang.invoke.DirectMethodHandle$Holder.invokeInterface(java.lang.Object, java.lang.Object)'> (0x00000007113c8538) 
thrown [s\src\hotspot\share\interpreter\linkResolver.cpp, line 773]
Event: 0.274 Thread 0x000001a3ab304750 Exception <a 'java/lang/NoSuchMethodError'{0x0000000711030ab8}: 'void java.lang.invoke.DirectMethodHandle$Holder.invokeStaticInit(java.lang.Object, java.lang.Object, java.lang.Object, java.lang.Object)'> (0x0000000711030ab8) 
thrown [s\src\hotspot\share\interpreter\linkResolver.cpp, line 773]
Event: 0.296 Thread 0x000001a3ab304750 Exception <a 'java/lang/NoSuchMethodError'{0x00000007111c7cb0}: 'java.lang.Object java.lang.invoke.DirectMethodHandle$Holder.invokeSpecial(java.lang.Object, java.lang.Object, java.lang.Object, long, java.lang.Object)'> (0x00000007111c7cb0) 
thrown [s\src\hotspot\share\interpreter\linkResolver.cpp, line 773]
Event: 0.296 Thread 0x000001a3ab304750 Exception <a 'java/lang/NoSuchMethodError'{0x00000007111cb620}: 'java.lang.Object java.lang.invoke.Invokers$Holder.linkToTargetMethod(java.lang.Object, long, java.lang.Object, java.lang.Object)'> (0x00000007111cb620) 
thrown [s\src\hotspot\share\interpreter\linkResolver.cpp, line 773]
Event: 0.334 Thread 0x000001a3ab304750 Exception <a 'java/lang/NoSuchMethodError'{0x00000007122d2c40}: 'int java.lang.invoke.DirectMethodHandle$Holder.invokeStaticInit(java.lang.Object, java.lang.Object)'> (0x00000007122d2c40) 
thrown [s\src\hotspot\share\interpreter\linkResolver.cpp, line 773]
Event: 0.341 Thread 0x000001a3ab304750 Exception <a 'java/lang/NoSuchMethodError'{0x00000007123b7428}: 'void java.lang.invoke.DirectMethodHandle$Holder.invokeInterface(java.lang.Object, java.lang.Object, java.lang.Object, java.lang.Object)'> (0x00000007123b7428) 
thrown [s\src\hotspot\share\interpreter\linkResolver.cpp, line 773]

ZGC Phase Switch (0 events):
No events

VM Operations (16 events):
Event: 0.051 Executing non-safepoint VM operation: HandshakeAllThreads (Deoptimize)
Event: 0.051 Executing non-safepoint VM operation: HandshakeAllThreads (Deoptimize) done
Event: 0.181 Executing non-safepoint VM operation: HandshakeAllThreads (Deoptimize)
Event: 0.181 Executing non-safepoint VM operation: HandshakeAllThreads (Deoptimize) done
Event: 0.213 Executing non-safepoint VM operation: HandshakeAllThreads (Deoptimize)
Event: 0.213 Executing non-safepoint VM operation: HandshakeAllThreads (Deoptimize) done
Event: 0.250 Executing non-safepoint VM operation: HandshakeAllThreads (Deoptimize)
Event: 0.250 Executing non-safepoint VM operation: HandshakeAllThreads (Deoptimize) done
Event: 0.267 Executing non-safepoint VM operation: HandshakeAllThreads (Deoptimize)
Event: 0.267 Executing non-safepoint VM operation: HandshakeAllThreads (Deoptimize) done
Event: 0.278 Executing non-safepoint VM operation: HandshakeAllThreads (Deoptimize)
Event: 0.278 Executing non-safepoint VM operation: HandshakeAllThreads (Deoptimize) done
Event: 0.295 Executing safepoint VM operation: ICBufferFull
Event: 0.295 Executing safepoint VM operation: ICBufferFull done
Event: 0.324 Executing safepoint VM operation: G1CollectForAllocation (G1 Evacuation Pause)
Event: 0.327 Executing safepoint VM operation: G1CollectForAllocation (G1 Evacuation Pause) done

Memory protections (0 events):
No events

Nmethod flushes (0 events):
No events

Events (15 events):
Event: 0.015 Thread 0x000001a3ab304750 Thread added: 0x000001a3ab304750
Event: 0.023 Thread 0x000001a3ab304750 Thread added: 0x000001a3be9a2850
Event: 0.023 Thread 0x000001a3ab304750 Thread added: 0x000001a3be9a3570
Event: 0.023 Thread 0x000001a3ab304750 Thread added: 0x000001a3be9a5630
Event: 0.023 Thread 0x000001a3ab304750 Thread added: 0x000001a3be9a7590
Event: 0.023 Thread 0x000001a3ab304750 Thread added: 0x000001a3be9b2290
Event: 0.023 Thread 0x000001a3ab304750 Thread added: 0x000001a3be9b6c60
Event: 0.023 Thread 0x000001a3ab304750 Thread added: 0x000001a3be9b76c0
Event: 0.051 Thread 0x000001a3be9b76c0 Thread added: 0x000001a3bea9e070
Event: 0.051 Thread 0x000001a3bea9e070 Thread added: 0x000001a3bea9ed30
Event: 0.062 Thread 0x000001a3ab304750 Thread added: 0x000001a3beafc120
Event: 0.093 Thread 0x000001a3ab304750 Thread added: 0x000001a40408a4f0
Event: 0.093 Thread 0x000001a3ab304750 Thread added: 0x000001a40408ab60
Event: 0.218 Thread 0x000001a3ab304750 Thread added: 0x000001a4042b4820
Event: 0.355 Thread 0x000001a3be9b76c0 Thread added: 0x000001a40460cc10


Dynamic libraries:
0x00007ff6fd630000 - 0x00007ff6fd63e000 	C:\Users\user\.jdks\ms-21.0.10\bin\java.exe
0x00007ff9d4380000 - 0x00007ff9d4589000 	C:\Windows\SYSTEM32\ntdll.dll
0x00007ff9d2ed0000 - 0x00007ff9d2f8d000 	C:\Windows\System32\KERNEL32.DLL
0x00007ff9d1be0000 - 0x00007ff9d1f64000 	C:\Windows\System32\KERNELBASE.dll
0x00007ff9d1f70000 - 0x00007ff9d2081000 	C:\Windows\System32\ucrtbase.dll
0x00007ff9ccfe0000 - 0x00007ff9ccff8000 	C:\Users\user\.jdks\ms-21.0.10\bin\jli.dll
0x00007ff9cbd70000 - 0x00007ff9cbd8e000 	C:\Users\user\.jdks\ms-21.0.10\bin\VCRUNTIME140.dll
0x00007ff9d21a0000 - 0x00007ff9d234d000 	C:\Windows\System32\USER32.dll
0x00007ff9c2e20000 - 0x00007ff9c30c5000 	C:\Windows\WinSxS\amd64_microsoft.windows.common-controls_6595b64144ccf1df_6.0.22000.120_none_9d947278b86cc467\COMCTL32.dll
0x00007ff9d19c0000 - 0x00007ff9d19e6000 	C:\Windows\System32\win32u.dll
0x00007ff9d2e20000 - 0x00007ff9d2ec3000 	C:\Windows\System32\msvcrt.dll
0x00007ff9d2be0000 - 0x00007ff9d2c0a000 	C:\Windows\System32\GDI32.dll
0x00007ff9d17e0000 - 0x00007ff9d18fe000 	C:\Windows\System32\gdi32full.dll
0x00007ff9d2090000 - 0x00007ff9d212d000 	C:\Windows\System32\msvcp_win.dll
0x00007ff9d2c10000 - 0x00007ff9d2c41000 	C:\Windows\System32\IMM32.DLL
0x00007ff9cd3d0000 - 0x00007ff9cd3dc000 	C:\Users\user\.jdks\ms-21.0.10\bin\vcruntime140_1.dll
0x00007ff9b7920000 - 0x00007ff9b79a9000 	C:\Users\user\.jdks\ms-21.0.10\bin\msvcp140.dll
0x00007ff996520000 - 0x00007ff9972cd000 	C:\Users\user\.jdks\ms-21.0.10\bin\server\jvm.dll
0x00007ff9d3c90000 - 0x00007ff9d3d3e000 	C:\Windows\System32\ADVAPI32.dll
0x00007ff9d2f90000 - 0x00007ff9d302e000 	C:\Windows\System32\sechost.dll
0x00007ff9d2990000 - 0x00007ff9d2ab1000 	C:\Windows\System32\RPCRT4.dll
0x00007ff9d3fe0000 - 0x00007ff9d404f000 	C:\Windows\System32\WS2_32.dll
0x00007ff9d0100000 - 0x00007ff9d014d000 	C:\Windows\SYSTEM32\POWRPROF.dll
0x00007ff9cb7c0000 - 0x00007ff9cb7f3000 	C:\Windows\SYSTEM32\WINMM.dll
0x00007ff9ca3f0000 - 0x00007ff9ca3fa000 	C:\Windows\SYSTEM32\VERSION.dll
0x00007ff9d01f0000 - 0x00007ff9d0203000 	C:\Windows\SYSTEM32\UMPDC.dll
0x00007ff9d0900000 - 0x00007ff9d0918000 	C:\Windows\SYSTEM32\kernel.appcore.dll
0x00007ff9cbd60000 - 0x00007ff9cbd6a000 	C:\Users\user\.jdks\ms-21.0.10\bin\jimage.dll
0x00007ff9bfb20000 - 0x00007ff9bfd41000 	C:\Windows\SYSTEM32\DBGHELP.DLL
0x00007ff9a6550000 - 0x00007ff9a6581000 	C:\Windows\SYSTEM32\dbgcore.DLL
0x00007ff9d1b60000 - 0x00007ff9d1bdf000 	C:\Windows\System32\bcryptPrimitives.dll
0x00007ff9cd3f0000 - 0x00007ff9cd400000 	C:\Users\user\.jdks\ms-21.0.10\bin\instrument.dll
0x00007ff9cbd30000 - 0x00007ff9cbd51000 	C:\Users\user\.jdks\ms-21.0.10\bin\java.dll
0x00007ff9d34c0000 - 0x00007ff9d3c85000 	C:\Windows\System32\SHELL32.dll
0x00007ff9cf880000 - 0x00007ff9d00e2000 	C:\Windows\SYSTEM32\windows.storage.dll
0x00007ff9d2470000 - 0x00007ff9d27e6000 	C:\Windows\System32\combase.dll
0x00007ff9cf710000 - 0x00007ff9cf877000 	C:\Windows\SYSTEM32\wintypes.dll
0x00007ff9d4220000 - 0x00007ff9d430a000 	C:\Windows\System32\SHCORE.dll
0x00007ff9d41b0000 - 0x00007ff9d420d000 	C:\Windows\System32\shlwapi.dll
0x00007ff9d1710000 - 0x00007ff9d1735000 	C:\Windows\SYSTEM32\profapi.dll
0x00007ff9bad40000 - 0x00007ff9bad58000 	C:\Users\user\.jdks\ms-21.0.10\bin\zip.dll
0x00007ff9cbd00000 - 0x00007ff9cbd11000 	C:\Users\user\.jdks\ms-21.0.10\bin\net.dll
0x00007ff9cb120000 - 0x00007ff9cb234000 	C:\Windows\SYSTEM32\WINHTTP.dll
0x00007ff9d0db0000 - 0x00007ff9d0e17000 	C:\Windows\system32\mswsock.dll
0x00007ff9bad60000 - 0x00007ff9bad76000 	C:\Users\user\.jdks\ms-21.0.10\bin\nio.dll
0x00007ff9c2150000 - 0x00007ff9c2159000 	C:\Users\user\.jdks\ms-21.0.10\bin\extnet.dll
0x00007ff9d0450000 - 0x00007ff9d0537000 	C:\Windows\SYSTEM32\DNSAPI.dll
0x00007ff9d0420000 - 0x00007ff9d044d000 	C:\Windows\SYSTEM32\IPHLPAPI.DLL
0x00007ff9d2c50000 - 0x00007ff9d2c59000 	C:\Windows\System32\NSI.dll
0x00007ff9ca3c0000 - 0x00007ff9ca3ca000 	C:\Windows\System32\rasadhlp.dll
0x00007ff9ca1c0000 - 0x00007ff9ca241000 	C:\Windows\System32\fwpuclnt.dll
0x00007ff9c20c0000 - 0x00007ff9c20ca000 	C:\Users\user\.jdks\ms-21.0.10\bin\management.dll
0x00007ff9b95a0000 - 0x00007ff9b95ac000 	C:\Users\user\.jdks\ms-21.0.10\bin\management_ext.dll
0x00007ff9d4210000 - 0x00007ff9d4218000 	C:\Windows\System32\PSAPI.DLL
0x00007ff9d0fc0000 - 0x00007ff9d0fd8000 	C:\Windows\SYSTEM32\CRYPTSP.dll
0x00007ff9d0860000 - 0x00007ff9d0895000 	C:\Windows\system32\rsaenh.dll
0x00007ff9d0e70000 - 0x00007ff9d0e9c000 	C:\Windows\SYSTEM32\USERENV.dll
0x00007ff9d11b0000 - 0x00007ff9d11d7000 	C:\Windows\SYSTEM32\bcrypt.dll
0x00007ff9d0fe0000 - 0x00007ff9d0fec000 	C:\Windows\SYSTEM32\CRYPTBASE.dll
0x00007ff9b8ef0000 - 0x00007ff9b8f07000 	C:\Windows\system32\napinsp.dll
0x00007ff9b8ed0000 - 0x00007ff9b8eeb000 	C:\Windows\system32\pnrpnsp.dll
0x00007ff9b8eb0000 - 0x00007ff9b8ec2000 	C:\Windows\System32\winrnr.dll
0x00007ff9b8e90000 - 0x00007ff9b8ea5000 	C:\Windows\system32\wshbth.dll
0x00007ff9b8e70000 - 0x00007ff9b8e8f000 	C:\Windows\system32\nlansp_c.dll

JVMTI agents:
C:\Program Files\JetBrains\IntelliJ IDEA 2024.2.4\lib\idea_rt.jar path:C:\Users\user\.jdks\ms-21.0.10\bin\instrument.dll, loaded, initialized, instrumentlib options:61421

dbghelp: loaded successfully - version: 4.0.5 - missing functions: none
symbol engine: initialized successfully - sym options: 0x614 - pdb path: .;C:\Users\user\.jdks\ms-21.0.10\bin;C:\Windows\SYSTEM32;C:\Windows\WinSxS\amd64_microsoft.windows.common-controls_6595b64144ccf1df_6.0.22000.120_none_9d947278b86cc467;C:\Users\user\.jdks\ms-21.0.10\bin\server

VM Arguments:
jvm_args: -XX:TieredStopAtLevel=1 -Dspring.output.ansi.enabled=always -Dcom.sun.management.jmxremote -Dspring.jmx.enabled=true -Dspring.liveBeansView.mbeanDomain -Dspring.application.admin.enabled=true -Dmanagement.endpoints.jmx.exposure.include=* -javaagent:C:\Program Files\JetBrains\IntelliJ IDEA 2024.2.4\lib\idea_rt.jar=61421 -Dfile.encoding=UTF-8 -Dsun.stdout.encoding=UTF-8 -Dsun.stderr.encoding=UTF-8 
java_command: orders.OrdersApplication
java_class_path (initial): C:\Users\user\IdeaProjects\ITRoom\orders-service\target\classes;C:\Users\user\.m2\repository\org\springframework\boot\spring-boot-starter-web\4.0.3\spring-boot-starter-web-4.0.3.jar;C:\Users\user\.m2\repository\org\springframework\boot\spring-boot-starter-jackson\4.0.3\spring-boot-starter-jackson-4.0.3.jar;C:\Users\user\.m2\repository\org\springframework\boot\spring-boot-jackson\4.0.3\spring-boot-jackson-4.0.3.jar;C:\Users\user\.m2\repository\tools\jackson\core\jackson-databind\3.0.4\jackson-databind-3.0.4.jar;C:\Users\user\.m2\repository\tools\jackson\core\jackson-core\3.0.4\jackson-core-3.0.4.jar;C:\Users\user\.m2\repository\org\springframework\boot\spring-boot-starter-tomcat\4.0.3\spring-boot-starter-tomcat-4.0.3.jar;C:\Users\user\.m2\repository\org\springframework\boot\spring-boot-starter-tomcat-runtime\4.0.3\spring-boot-starter-tomcat-runtime-4.0.3.jar;C:\Users\user\.m2\repository\org\springframework\boot\spring-boot-web-server\4.0.3\spring-boot-web-server-4.0.3.jar;C:\Users\user\.m2\repository\org\apache\tomcat\embed\tomcat-embed-core\11.0.18\tomcat-embed-core-11.0.18.jar;C:\Users\user\.m2\repository\org\apache\tomcat\embed\tomcat-embed-el\11.0.18\tomcat-embed-el-11.0.18.jar;C:\Users\user\.m2\repository\org\apache\tomcat\embed\tomcat-embed-websocket\11.0.18\tomcat-embed-websocket-11.0.18.jar;C:\Users\user\.m2\repository\org\springframework\boot\spring-boot-tomcat\4.0.3\spring-boot-tomcat-4.0.3.jar;C:\Users\user\.m2\repository\org\springframework\boot\spring-boot-http-converter\4.0.3\spring-boot-http-converter-4.0.3.jar;C:\Users\user\.m2\repository\org\springframework\boot\spring-boot\4.0.3\spring-boot-4.0.3.jar;C:\Users\user\.m2\repository\org\springframework\spring-web\7.0.5\spring-web-7.0.5.jar;C:\Users\user\.m2\repository\org\springframework\boot\spring-boot-webmvc\4.0.3\spring-boot-webmvc-4.0.3.jar;C:\Users\user\.m2\repository\org\springframework\boot\spring-boot-servlet\4.0.3\spring-boot-servlet-4.0.3.jar;C:\Users\user\.m2\repository\org\springframework\spring-webmvc\7.0.5\spring-webmvc-7.0.5.jar;C:\Users\user\IdeaProjects\ITRoom\common-dto\target\classes;C:\Users\user\.m2\repository\org\springframework\boot\spring-boot-starter-kafka\4.0.3\spring-boot-starter-kafka-4.0.3.jar;C:\Users\user\.m2\repository\org\springframework\boot\spring-boot-kafka\4.0.3\spring-boot-kafka-4.0.3.jar;C:\Users\user\.m2\repository\org\springframework\boot\spring-boot-transaction\4.0.3\spring-boot-transaction-4.0.3.jar;C:\Users\user\.m2\repository\org\springframework\boot\spring-boot-persistence\4.0.3\spring-boot-persistence-4.0.3.jar;C:\Users\user\.m2\repository\org\slf4j\slf4j-api\2.0.17\slf4j-api-2.0.17.jar;C:\Users\user\.m2\repository\org\springframework\spring-context\7.0.5\spring-context-7.0.5.jar;C:\Users\user\.m2\repository\org\springframework\spring-aop\7.0.5\spring-aop-7.0.5.jar;C:\Users\user\.m2\repository\org\springframework\spring-beans\7.0.5\spring-beans-7.0.5.jar;C:\Users\user\.m2\repository\org\springframework\spring-expression\7.0.5\spring-expression-7.0.5.jar;C:\Users\user\.m2\repository\com\github\luben\zstd-jni\1.5.6-10\zstd-jni-1.5.6-10.jar;C:\Users\user\.m2\repository\org\lz4\lz4-java\1.8.0\lz4-java-1.8.0.jar;C:\Users\user\.m2\repository\org\xerial\snappy\snappy-java\1.1.10.7\snappy-java-1.1.10.7.jar;C:\Users\user\.m2\repository\org\apache\logging\log4j\log4j-api\2.25.3\log4j-api-2.25.3.jar;C:\Users\user\.m2\repository\org\jspecify\jspecify\1.0.0\jspecify-1.0.0.jar;C:\Users\user\.m2\repository\org\springframework\boot\spring-boot-starter\4.0.3\spring-boot-starter-4.0.3.jar;C:\Users\user\.m2\repository\org\springframework\boot\spring-boot-starter-logging\4.0.3\spring-boot-starter-logging-4.0.3.jar;C:\Users\user\.m2\repository\ch\qos\logback\logback-classic\1.5.32\logback-classic-1.5.32.jar;C:\Users\user\.m2\repository\ch\qos\logback\logback-core\1.5.32\logback-core-1.5.32.jar;C:\Users\user\.m2\repository\org\apache\logging\log4j\log4j-to-slf4j\2.25.3\log4j-to-slf4j-2.25.3.jar;C:\Users\user\.m2\repository\org\slf4j\jul-to-slf4j\2.0.17\jul-to-slf4j-2.0.17.jar;C:\Users\user\.m2\repository\org\springframework\boot\spring-boot-autoconfigure\4.0.3\spring-boot-autoconfigure-4.0.3.jar;C:\Users\user\.m2\repository\jakarta\annotation\jakarta.annotation-api\3.0.0\jakarta.annotation-api-3.0.0.jar;C:\Users\user\.m2\repository\org\yaml\snakeyaml\2.5\snakeyaml-2.5.jar;C:\Users\user\.m2\repository\com\fasterxml\jackson\core\jackson-databind\2.20.2\jackson-databind-2.20.2.jar;C:\Users\user\.m2\repository\com\fasterxml\jackson\core\jackson-annotations\2.20\jackson-annotations-2.20.jar;C:\Users\user\.m2\repository\com\fasterxml\jackson\core\jackson-core\2.20.2\jackson-core-2.20.2.jar;C:\Users\user\.m2\repository\com\fasterxml\jackson\datatype\jackson-datatype-jsr310\2.20.2\jackson-datatype-jsr310-2.20.2.jar;C:\Users\user\.m2\repository\org\springframework\kafka\spring-kafka\4.0.3\spring-kafka-4.0.3.jar;C:\Users\user\.m2\repository\org\springframework\spring-messaging\7.0.5\spring-messaging-7.0.5.jar;C:\Users\user\.m2\repository\org\springframework\spring-tx\7.0.5\spring-tx-7.0.5.jar;C:\Users\user\.m2\repository\org\apache\kafka\kafka-clients\4.1.1\kafka-clients-4.1.1.jar;C:\Users\user\.m2\repository\io\micrometer\micrometer-observation\1.16.3\micrometer-observation-1.16.3.jar;C:\Users\user\.m2\repository\io\micrometer\micrometer-commons\1.16.3\micrometer-commons-1.16.3.jar;C:\Users\user\.m2\repository\org\projectlombok\lombok\1.18.42\lombok-1.18.42.jar;C:\Users\user\.m2\repository\org\springframework\spring-core\7.0.5\spring-core-7.0.5.jar;C:\Users\user\.m2\repository\commons-logging\commons-logging\1.3.5\commons-logging-1.3.5.jar
Launcher Type: SUN_STANDARD

[Global flags]
     intx CICompilerCount                          = 4                                         {product} {ergonomic}
     uint ConcGCThreads                            = 3                                         {product} {ergonomic}
     uint G1ConcRefinementThreads                  = 10                                        {product} {ergonomic}
   size_t G1HeapRegionSize                         = 2097152                                   {product} {ergonomic}
    uintx GCDrainStackTargetSize                   = 64                                        {product} {ergonomic}
   size_t InitialHeapSize                          = 266338304                                 {product} {ergonomic}
     bool ManagementServer                         = true                                      {product} {command line}
   size_t MarkStackSize                            = 4194304                                   {product} {ergonomic}
   size_t MaxHeapSize                              = 4255121408                                {product} {ergonomic}
   size_t MaxNewSize                               = 2552233984                                {product} {ergonomic}
   size_t MinHeapDeltaBytes                        = 2097152                                   {product} {ergonomic}
   size_t MinHeapSize                              = 8388608                                   {product} {ergonomic}
    uintx NonNMethodCodeHeapSize                   = 4096                                   {pd product} {ergonomic}
    uintx NonProfiledCodeHeapSize                  = 0                                      {pd product} {ergonomic}
     bool ProfileInterpreter                       = false                                  {pd product} {command line}
    uintx ProfiledCodeHeapSize                     = 0                                      {pd product} {ergonomic}
   size_t SoftMaxHeapSize                          = 4255121408                             {manageable} {ergonomic}
     intx TieredStopAtLevel                        = 1                                         {product} {command line}
     bool UseCompressedOops                        = true                           {product lp64_product} {ergonomic}
     bool UseG1GC                                  = true                                      {product} {ergonomic}
     bool UseLargePagesIndividualAllocation        = false                                  {pd product} {ergonomic}

Logging:
Log output configuration:
 #0: stdout all=warning uptime,level,tags foldmultilines=false
 #1: stderr all=off uptime,level,tags foldmultilines=false

Release file:
IMPLEMENTOR="Microsoft" 
IMPLEMENTOR_VERSION="Microsoft-13106404" 
JAVA_RUNTIME_VERSION="21.0.10+7-LTS" 
JAVA_VERSION="21.0.10" 
JAVA_VERSION_DATE="2026-01-20" 
LIBC="default" 
MODULES="java.base java.compiler java.datatransfer java.xml java.prefs java.desktop java.instrument java.logging java.management java.security.sasl java.naming java.rmi java.management.rmi java.net.http java.scripting java.security.jgss java.transaction.xa java.sql java.sql.rowset java.xml.crypto java.se java.smartcardio jdk.accessibility jdk.internal.jvmstat jdk.attach jdk.charsets jdk.internal.opt jdk.zipfs jdk.compiler jdk.crypto.ec jdk.crypto.cryptoki jdk.crypto.mscapi jdk.dynalink jdk.internal.ed jdk.editpad jdk.hotspot.agent jdk.httpserver jdk.incubator.vector jdk.internal.le jdk.internal.vm.ci jdk.internal.vm.compiler jdk.internal.vm.compiler.management jdk.jartool jdk.javadoc jdk.jcmd jdk.management jdk.management.agent jdk.jconsole jdk.jdeps jdk.jdwp.agent jdk.jdi jdk.jfr jdk.jlink jdk.jpackage jdk.jshell jdk.jsobject jdk.jstatd jdk.localedata jdk.management.jfr jdk.naming.dns jdk.naming.rmi jdk.net jdk.nio.mapmode jdk.random jdk.sctp jdk.security.auth jdk.security.jgss jdk.unsupported jdk.unsupported.desktop jdk.xml.dom" 
OS_ARCH="x86_64" 
OS_NAME="Windows" 
SOURCE=".:git:e69b6ef7382e" 

Environment Variables:
JAVA_HOME=C:\Program Files\Java\jdk-25
PATH=C:\Program Files\Common Files\Oracle\Java\javapath;C:\Program Files (x86)\Common Files\Oracle\Java\java8path;C:\Program Files (x86)\Common Files\Oracle\Java\javapath;C:\Program Files\Java\jdk-17\bin;C:\Program Files\Git\cmd;C:\Windows\System32\OpenSSH\;C:\Program Files\Docker\Docker\resources\bin;C:\Program Files\PowerShell\7\;C:\Program Files (x86)\ApacheMaven\apache-maven-3.9.11\bin;C:\Program Files\Java\jdk-25\bin;"C:\TestZooKeeper\apache-zookeeper-3.7.2\bin;";C:\Windows;C:\Windows\System32\Wbem;C:\Windows\System32;C:\Program Files\PowerShell\7;C:\Program Files (x86)\Common Files\Oracle\Java\java8path;C:\Program Files (x86)\Common Files\Oracle\Java\javapath;C:\Program Files\Java\jdk-17\bin;C:\Program Files\Git\cmd;C:\Windows\System32\OpenSSH\;C:\Program Files\Docker\Docker\resources\bin;C:\Program Files\Java\jdk-17\bin;C:\Program Files (x86)\ApacheMaven\apache-maven-3.9.11\bin;C:\Program Files\Erlang OTP\bin;
USERNAME=user
OS=Windows_NT
PROCESSOR_IDENTIFIER=Intel64 Family 6 Model 151 Stepping 5, GenuineIntel
TMP=C:\Users\user\AppData\Local\Temp
TEMP=C:\Users\user\AppData\Local\Temp




Periodic native trim disabled

---------------  S Y S T E M  ---------------

OS:
 Windows 11 , 64 bit Build 22000 (10.0.22000.2538)
OS uptime: 0 days 7:35 hours
Hyper-V role detected

CPU: total 12 (initial active 12) (6 cores per cpu, 2 threads per core) family 6 model 151 stepping 5 microcode 0x26, cx8, cmov, fxsr, ht, mmx, 3dnowpref, sse, sse2, sse3, ssse3, sse4.1, sse4.2, popcnt, lzcnt, tsc, tscinvbit, avx, avx2, aes, erms, clmul, bmi1, bmi2, adx, sha, fma, vzeroupper, clflush, clflushopt, clwb, hv, serialize, rdtscp, rdpid, fsrm, f16c, cet_ibt, cet_ss
Processor Information for the first 12 processors :
  Max Mhz: 2500, Current Mhz: 2500, Mhz Limit: 2500

Memory: 4k page, system-wide physical 16227M (3682M free)
TotalPageFile size 16227M (AvailPageFile size 7M)
current process WorkingSet (physical memory assigned to process): 79M, peak: 79M
current process commit charge ("private bytes"): 356M, peak: 356M

vm_info: OpenJDK 64-Bit Server VM (21.0.10+7-LTS) for windows-amd64 JRE (21.0.10+7-LTS), built on 2026-01-15T18:39:42Z by "MicrosoftCorporation" with MS VC++ 17.14 (VS2022)

END.
